frame,time_s,lateral_offset_norm,heading_error_deg,speed_mps,steering,throttle,brake,drive_mode,raw_heading_deg,raw_lateral_px,kalman_active,width_corrected_rows
0,36.681,-0.0016,-0.05,0.0,0.0,0.0,0.0,MANUAL,0.0,-0.5,False,1
1,36.841,-0.0016,0.17,0.0,0.0,0.0,0.0,MANUAL,0.0,-0.5,False,1
2,37.016,-0.0016,0.1,0.0,0.0,0.0,0.0,MANUAL,0.0,-0.5,False,1
3,37.177,-0.0016,0.06,0.0,0.0,0.0,0.0,MANUAL,0.0,-0.5,False,1
4,37.328,-0.0016,0.04,0.0,0.0,0.0,0.0,MANUAL,0.0,-0.5,False,1
5,37.468,-0.0016,0.02,0.0,0.0,0.0,0.0,MANUAL,0.0,-0.5,False,1
6,37.605,-0.0016,0.02,0.0,0.0,0.0,0.0,MANUAL,0.0,-0.5,False,1
7,37.749,-0.0016,0.01,0.0,0.0,0.0,0.0,MANUAL,0.0,-0.5,False,1
8,37.871,-0.0016,0.01,0.001,0.0,0.0,0.0,MANUAL,0.0,-0.5,False,1
9,38.023,-0.0016,0.0,0.0,0.0,0.0,0.0,MANUAL,0.0,-0.5,False,1
10,38.17,-0.0016,0.0,0.0,0.0,0.0,0.0,MANUAL,0.0,-0.5,False,1
11,38.306,-0.0016,0.0,0.0,0.0,0.0,0.0,MANUAL,0.0,-0.5,False,1
12,38.439,-0.0016,-0.0,0.0,0.0,0.0,0.0,MANUAL,0.0,-0.5,False,1
13,38.576,-0.0016,-0.0,0.0,0.0,0.0,0.0,MANUAL,0.0,-0.5,False,1
14,38.71,-0.0016,-0.0,0.0,0.0,0.0,0.0,MANUAL,0.0,-0.5,False,1
15,38.844,-0.0016,-0.0,0.0,0.0,0.0,0.0,MANUAL,0.0,-0.5,False,1
16,38.986,-0.0016,-0.0,0.0,0.0,0.0,0.0,MANUAL,0.0,-0.5,False,1
17,39.139,-0.0016,-0.0,0.0,0.0,0.0,0.0,MANUAL,0.0,-0.5,False,1
18,39.289,-0.0016,-0.0,0.0,0.0,0.0,0.0,MANUAL,0.0,-0.5,False,1
19,39.429,-0.0016,0.0,0.0,0.0,0.0,0.0,MANUAL,0.0,-0.5,False,1
20,39.582,-0.0016,0.0,0.0,0.0,0.0,0.0,MANUAL,0.0,-0.5,False,1
21,39.713,-0.0016,0.0,0.0,0.0,0.0,0.0,MANUAL,0.0,-0.5,False,1
22,39.855,-0.0016,0.0,0.0,0.0,0.0,0.0,MANUAL,0.0,-0.5,False,1
23,40.009,-0.0016,0.0,0.0,0.0,0.0,0.0,MANUAL,0.0,-0.5,False,1
24,40.161,-0.0016,0.0,0.0,0.0,0.0,0.0,MANUAL,0.0,-0.5,False,1
25,40.315,-0.0016,0.0,0.0,0.0,0.0,0.0,MANUAL,0.0,-0.5,False,1
26,40.461,-0.0016,0.0,0.0,0.0,0.0,0.0,MANUAL,0.0,-0.5,False,1
27,40.61,-0.0016,-0.0,0.0,0.0,0.0,0.0,MANUAL,0.0,-0.5,False,1
28,40.771,-0.0016,-0.0,0.0,0.0,0.0,0.0,MANUAL,0.0,-0.5,False,1
29,40.913,-0.0016,-0.0,0.0,0.0,0.0,0.0,MANUAL,0.0,-0.5,False,1
30,41.062,-0.0016,-0.0,0.0,0.0,0.0,0.0,MANUAL,0.0,-0.5,False,1
31,41.23,-0.0016,-0.0,0.0,0.0,0.0,0.0,MANUAL,0.0,-0.5,False,1
32,41.383,-0.0016,-0.0,0.0,0.0,0.0,0.0,MANUAL,0.0,-0.5,False,1
33,41.534,-0.0016,-0.0,0.0,0.0,0.0,0.0,MANUAL,0.0,-0.5,False,1
34,41.668,-0.0016,-0.0,0.0,0.0,0.0,0.0,MANUAL,0.0,-0.5,False,1
35,41.798,-0.0016,0.0,0.0,0.0,0.0,0.0,MANUAL,0.0,-0.5,False,1
36,41.943,-0.0016,0.0,0.0,0.0,0.0,0.0,MANUAL,0.0,-0.5,False,1
37,42.088,-0.0016,0.0,0.0,0.0,0.0,0.0,MANUAL,0.0,-0.5,False,1
38,42.233,-0.0016,0.0,0.0,0.0,0.0,0.0,MANUAL,0.0,-0.5,False,1
39,42.373,-0.0016,0.0,0.0,0.0,0.0,0.0,MANUAL,0.0,-0.5,False,1
40,42.51,-0.0016,0.0,0.0,0.0,0.0,0.0,MANUAL,0.0,-0.5,False,1
41,42.629,-0.0016,0.0,0.0,0.0,0.0,0.0,MANUAL,0.0,-0.5,False,1
42,44.867,-0.0016,0.0,0.0,0.0,0.0,0.0,MANUAL,0.0,-0.5,False,1
43,44.966,-0.0016,-0.0,0.0,0.0,0.0,0.0,MANUAL,0.0,-0.5,False,1
44,45.066,-0.0016,-0.0,0.0,0.0,0.0,0.0,MANUAL,0.0,-0.5,False,1
45,45.156,-0.0016,-0.0,0.0,0.0,0.0,0.0,MANUAL,0.0,-0.5,False,1
46,45.255,-0.0016,-0.0,0.0,0.0,0.0,0.0,MANUAL,0.0,-0.5,False,1
47,45.355,-0.0016,-0.0,0.0,0.0,0.0,0.0,MANUAL,0.0,-0.5,False,1
48,45.454,-0.0016,-0.0,0.0,0.0,0.0,0.0,MANUAL,0.0,-0.5,False,1
49,45.555,-0.0016,-0.0,0.0,0.0,0.0,0.0,MANUAL,0.0,-0.5,False,1
50,45.656,-0.0016,-0.0,0.0,0.0,0.0,0.0,MANUAL,0.0,-0.5,False,1
51,45.755,-0.0016,0.0,0.0,0.0,0.0,0.0,MANUAL,0.0,-0.5,False,1
52,45.856,-0.0016,0.0,0.0,0.0,0.0,0.0,MANUAL,0.0,-0.5,False,1
53,45.955,-0.0016,0.0,0.0,0.0,0.0,0.0,MANUAL,0.0,-0.5,False,1
54,46.054,-0.0016,0.0,0.0,0.0,0.0,0.0,MANUAL,0.0,-0.5,False,1
55,46.158,-0.0016,0.0,0.001,0.0,0.0,0.0,MANUAL,0.0,-0.5,False,1
56,46.256,-0.0016,0.0,0.0,0.0,0.0,0.0,MANUAL,0.0,-0.5,False,1
57,46.355,-0.0016,0.0,0.001,0.0,0.0,0.0,MANUAL,0.0,-0.5,False,1
58,46.457,-0.0016,0.0,0.0,0.0,0.0,0.0,MANUAL,0.0,-0.5,False,1
59,46.557,-0.0016,-0.0,0.0,0.0,0.0,0.0,MANUAL,0.0,-0.5,False,1
60,46.656,-0.0016,-0.0,0.0,0.0,0.0,0.0,MANUAL,0.0,-0.5,False,1
61,46.759,-0.0016,-0.0,0.0,0.0,0.0,0.0,MANUAL,0.0,-0.5,False,1
62,46.856,-0.0016,-0.0,0.0,0.0,0.0,0.0,MANUAL,0.0,-0.5,False,1
63,46.956,-0.0016,-0.0,0.0,0.0,0.0,0.0,MANUAL,0.0,-0.5,False,1
64,47.055,-0.0016,-0.0,0.0,0.0,0.0,0.0,MANUAL,0.0,-0.5,False,1
65,47.156,-0.0016,-0.0,0.0,0.0,0.0,0.0,MANUAL,0.0,-0.5,False,1
66,47.254,-0.0016,-0.0,0.0,0.0,0.0,0.0,MANUAL,0.0,-0.5,False,1
67,47.356,-0.0016,0.0,0.0,0.0,0.0,0.0,MANUAL,0.0,-0.5,False,1
68,47.456,-0.0016,0.0,0.0,0.0,0.0,0.0,MANUAL,0.0,-0.5,False,1
69,47.557,-0.0016,0.0,0.0,0.0,0.0,0.0,MANUAL,0.0,-0.5,False,1
70,47.654,-0.0016,0.0,0.0,0.0,0.0,0.0,MANUAL,0.0,-0.5,False,1
71,47.756,-0.0016,0.0,0.0,0.0,0.0,0.0,MANUAL,0.0,-0.5,False,1
72,47.856,-0.0016,0.0,0.0,0.0,0.0,0.0,MANUAL,0.0,-0.5,False,1
73,47.962,-0.0016,0.0,0.0,-0.0227,0.6,0.0,AUTO,0.0,-0.5,False,1
74,48.065,-0.0016,-0.0,0.027,-0.0227,0.6,0.0,AUTO,0.0,-0.5,False,1
75,48.163,-0.0016,-0.0,0.069,-0.0227,0.6,0.0,AUTO,0.0,-0.5,False,1
76,48.264,-0.0016,-0.0,0.115,-0.0227,0.6,0.0,AUTO,0.0,-0.5,False,1
77,48.369,-0.0016,-0.0,0.169,-0.0227,0.6,0.0,AUTO,0.0,-0.5,False,1
78,48.468,-0.0016,-0.0,0.286,-0.0227,0.6,0.0,AUTO,0.0,-0.5,False,1
79,48.566,-0.0016,-0.0,0.544,-0.0227,0.6,0.0,AUTO,0.0,-0.5,False,1
80,48.665,-0.0016,-0.0,0.885,-0.0227,0.6,0.0,AUTO,0.0,-0.5,False,1
81,48.764,-0.0016,-0.0,1.261,-0.0227,0.6,0.0,AUTO,0.0,-0.5,False,1
82,48.864,-0.0016,0.0,1.629,-0.0227,0.6,0.0,AUTO,0.0,-0.5,False,1
83,48.967,-0.0016,0.0,2.006,-0.0227,0.6,0.0,AUTO,0.0,-0.5,False,1
84,49.068,-0.0016,0.0,2.391,-0.0227,0.6,0.0,AUTO,0.0,-0.5,False,0
85,49.166,-0.0016,0.0,2.769,-0.0227,0.6,0.0,AUTO,0.0,-0.5,False,1
86,49.265,-0.0016,0.0,3.142,-0.0227,0.53,0.0,AUTO,0.0,-0.5,False,1
87,49.364,-0.0016,0.0,3.508,-0.0227,0.42,0.0,AUTO,0.0,-0.5,False,1
88,49.465,-0.0016,0.0,3.864,-0.0227,0.314,0.0,AUTO,0.0,-0.5,False,1
89,49.571,-0.0016,0.0,4.201,-0.0227,0.212,0.0,AUTO,0.0,-0.5,False,1
90,49.668,-0.0016,-0.0,4.507,-0.0227,0.121,0.0,AUTO,0.0,-0.5,False,1
91,49.764,-0.0016,-0.0,4.767,-0.0227,0.043,0.0,AUTO,0.0,-0.5,False,1
92,49.865,-0.0016,-0.0,4.914,-0.0227,0.0,0.001,AUTO,0.0,-0.5,False,1
93,49.965,-0.0016,-0.0,4.973,-0.0227,0.0,0.019,AUTO,0.0,-0.5,False,1
94,50.069,-0.0016,-0.0,4.935,-0.0227,0.0,0.008,AUTO,0.0,-0.5,False,1
95,50.169,-0.0016,-0.0,4.885,-0.0227,0.007,0.0,AUTO,0.0,-0.5,False,1
96,50.268,-0.0016,-0.0,4.838,-0.0227,0.021,0.0,AUTO,0.0,-0.5,False,1
97,50.368,-0.0016,-0.0,4.785,-0.0227,0.037,0.0,AUTO,0.0,-0.5,False,1
98,50.467,-0.0016,0.0,4.746,-0.0227,0.049,0.0,AUTO,0.0,-0.5,False,1
99,50.565,-0.0016,0.0,4.695,-0.0227,0.064,0.0,AUTO,0.0,-0.5,False,1
100,50.701,-0.0016,0.0,4.679,-0.0227,0.069,0.0,AUTO,0.0,-0.5,False,1
101,50.799,-0.0016,0.0,4.701,-0.0227,0.062,0.0,AUTO,0.0,-0.5,False,1
102,50.898,-0.0016,0.0,4.726,-0.0227,0.055,0.0,AUTO,0.0,-0.5,False,1
103,51.003,-0.0016,0.0,4.742,-0.0227,0.05,0.0,AUTO,0.0,-0.5,False,1
104,51.134,-0.0016,0.0,4.752,-0.0227,0.047,0.0,AUTO,0.0,-0.5,False,1
105,51.233,-0.0016,0.0,4.763,-0.0227,0.044,0.0,AUTO,0.0,-0.5,False,1
106,51.336,-0.0016,0.0,4.762,-0.0227,0.044,0.0,AUTO,0.0,-0.5,False,2
107,51.436,-0.0016,0.0,4.755,-0.0227,0.046,0.0,AUTO,0.0,-0.5,False,1
108,51.534,-0.0016,0.0,4.752,-0.0227,0.047,0.0,AUTO,0.0,-0.5,False,1
109,51.63,-0.0016,0.0,4.75,-0.0227,0.048,0.0,AUTO,0.0,-0.5,False,1
110,51.731,-0.0016,0.0,4.746,-0.0227,0.049,0.0,AUTO,0.0,-0.5,False,2
111,51.831,-0.0016,0.0,4.745,-0.0227,0.049,0.0,AUTO,0.0,-0.5,False,1
112,51.939,-0.0016,0.0,4.748,-0.0227,0.048,0.0,AUTO,0.0,-0.5,False,1
113,52.036,-0.0016,0.0,4.751,-0.0227,0.048,0.0,AUTO,0.0,-0.5,False,1
114,52.133,-0.0016,0.0,4.747,-0.0227,0.049,0.0,AUTO,0.0,-0.5,False,1
115,52.267,-0.0016,0.0,4.748,-0.0227,0.048,0.0,AUTO,0.0,-0.5,False,1
116,52.401,-0.0016,0.0,4.75,-0.0227,0.048,0.0,AUTO,0.0,-0.5,False,1
117,52.533,-0.0016,0.0,4.747,-0.0227,0.049,0.0,AUTO,0.0,-0.5,False,1
118,52.632,-0.0016,0.0,4.751,-0.0227,0.047,0.0,AUTO,0.0,-0.5,False,1
119,52.767,-0.0016,0.0,4.751,-0.0227,0.048,0.0,AUTO,0.0,-0.5,False,1
120,52.866,-0.0016,0.0,4.746,-0.0227,0.049,0.0,AUTO,0.0,-0.5,False,1
121,52.969,-0.0016,0.0,4.75,-0.0227,0.048,0.0,AUTO,0.0,-0.5,False,1
122,53.069,-0.0016,0.0,4.751,-0.0227,0.048,0.0,AUTO,0.0,-0.5,False,1
123,53.172,-0.0016,0.0,4.746,-0.0227,0.049,0.0,AUTO,0.0,-0.5,False,1
124,53.335,-0.0016,0.0,4.75,-0.0227,0.048,0.0,AUTO,0.0,-0.5,False,1
125,53.436,-0.0016,0.0,4.752,-0.0227,0.047,0.0,AUTO,0.0,-0.5,False,1
126,53.535,-0.0016,0.0,4.746,-0.0227,0.049,0.0,AUTO,0.0,-0.5,False,1
127,53.636,-0.0016,0.0,4.749,-0.0227,0.048,0.0,AUTO,0.0,-0.5,False,1
128,53.733,-0.0016,0.0,4.748,-0.0227,0.048,0.0,AUTO,0.0,-0.5,False,2
129,53.867,-0.0016,0.0,4.752,-0.0227,0.047,0.0,AUTO,0.0,-0.5,False,2
130,53.966,-0.0016,0.0,4.749,-0.0227,0.048,0.0,AUTO,0.0,-0.5,False,2
131,54.103,-0.0016,0.0,4.749,-0.0227,0.048,0.0,AUTO,0.0,-0.5,False,2
132,54.198,-0.0016,0.0,4.75,-0.0227,0.048,0.0,AUTO,0.0,-0.5,False,2
133,54.298,-0.0016,0.0,4.744,-0.0227,0.05,0.0,AUTO,0.0,-0.5,False,2
134,54.4,-0.0016,0.0,4.749,-0.0227,0.048,0.0,AUTO,0.0,-0.5,False,2
135,54.506,-0.0016,0.0,4.751,-0.0227,0.048,0.0,AUTO,0.0,-0.5,False,1
136,54.602,-0.0016,0.0,4.746,-0.0227,0.049,0.0,AUTO,0.0,-0.5,False,2
137,54.703,-0.0016,0.0,4.75,-0.0227,0.048,0.0,AUTO,0.0,-0.5,False,2
138,54.799,-0.0016,0.0,4.748,-0.0227,0.048,0.0,AUTO,0.0,-0.5,False,2
139,54.935,-0.0016,0.0,4.753,-0.0227,0.047,0.0,AUTO,0.0,-0.5,False,2
140,55.032,-0.0016,0.0,4.748,-0.0227,0.048,0.0,AUTO,0.0,-0.5,False,3
141,55.139,-0.0016,0.0,4.75,-0.0227,0.048,0.0,AUTO,0.0,-0.5,False,3
142,55.3,-0.0016,0.0,4.751,-0.0227,0.047,0.0,AUTO,0.0,-0.5,False,2
143,55.435,-0.0016,0.0,4.748,-0.0227,0.048,0.0,AUTO,0.0,-0.5,False,2
144,55.534,-0.0016,0.0,4.748,-0.0227,0.048,0.0,AUTO,0.0,-0.5,False,2
145,55.634,-0.0016,0.0,4.747,-0.0227,0.049,0.0,AUTO,0.0,-0.5,False,3
146,55.768,-0.0016,0.0,4.747,-0.0227,0.049,0.0,AUTO,0.0,-0.5,False,3
147,55.865,-0.0016,0.0,4.747,-0.0227,0.049,0.0,AUTO,0.0,-0.5,False,3
148,55.965,-0.0016,0.0,4.751,-0.0227,0.047,0.0,AUTO,0.0,-0.5,False,3
149,56.07,-0.0016,0.0,4.747,-0.0227,0.049,0.0,AUTO,0.0,-0.5,False,3
150,56.201,-0.0016,0.0,4.75,-0.0227,0.048,0.0,AUTO,0.0,-0.5,False,3
151,56.299,-0.0016,0.0,4.753,-0.0227,0.047,0.0,AUTO,0.0,-0.5,False,4
152,56.434,-0.0016,0.0,4.745,-0.0227,0.049,0.0,AUTO,0.0,-0.5,False,3
153,56.531,-0.0016,0.0,4.749,-0.0227,0.048,0.0,AUTO,0.0,-0.5,False,4
154,56.632,-0.0016,0.0,4.748,-0.0227,0.048,0.0,AUTO,0.0,-0.5,False,3
155,56.736,-0.0016,0.0,4.745,-0.0227,0.049,0.0,AUTO,0.0,-0.5,False,3
156,56.834,-0.0016,0.0,4.749,-0.0227,0.048,0.0,AUTO,0.0,-0.5,False,3
157,56.935,-0.0016,0.0,4.745,-0.0227,0.049,0.0,AUTO,0.0,-0.5,False,3
158,57.069,-0.0016,0.0,4.75,-0.0227,0.048,0.0,AUTO,0.0,-0.5,False,3
159,57.205,-0.0016,0.0,4.741,-0.0227,0.05,0.0,AUTO,0.0,-0.5,False,4
160,57.336,-0.0016,0.0,4.734,-0.0227,0.053,0.0,AUTO,0.0,-0.5,False,3
161,57.436,-0.0016,0.0,4.729,-0.0227,0.054,0.0,AUTO,0.0,-0.5,False,2
162,57.533,-0.0016,0.0,4.726,-0.0227,0.055,0.0,AUTO,0.0,-0.5,False,4
163,57.668,-0.0016,1.05,4.724,-0.0227,0.056,0.0,AUTO,25.86,-0.5,False,3
164,57.8,-0.0016,2.15,4.721,-0.0227,0.056,0.0,AUTO,34.7,-0.5,False,3
165,57.937,-0.0016,3.09,4.723,0.8173,0.0,0.517,AUTO,39.98,-0.5,False,3
166,58.032,-0.0016,2.56,4.488,-0.0227,0.126,0.0,AUTO,13.41,-0.5,False,3
167,58.137,-0.0016,2.4,4.11,-0.0227,0.24,0.0,AUTO,22.56,-0.5,False,3
168,58.236,-0.0016,2.32,4.17,-0.0227,0.222,0.0,AUTO,25.14,-0.5,False,3
169,58.333,-0.0016,2.09,4.35,-0.0227,0.168,0.0,AUTO,21.8,-0.5,False,3
170,58.432,-0.0016,1.75,4.495,-0.0227,0.124,0.0,AUTO,17.5,-0.5,False,3
171,58.565,-0.0016,1.29,4.608,-0.0227,0.09,0.0,AUTO,12.15,-0.5,False,4
172,58.671,-0.0016,1.8,4.73,0.2033,0.0,0.163,AUTO,31.93,-0.5,False,3
173,58.771,-0.0016,2.39,4.675,-0.0227,0.07,0.0,AUTO,36.16,-0.5,False,3
174,58.868,-0.0016,2.99,4.56,-0.0227,0.105,0.0,AUTO,40.49,-0.5,False,3
175,59.004,-0.0016,3.46,4.578,1.0,0.0,0.473,AUTO,42.23,-0.5,False,3
176,59.102,0.0141,63.62,4.415,0.4414,0.0,0.354,AUTO,45.65,4.5,False,3
177,59.235,0.0703,-62.37,3.825,1.0,0.0,0.247,AUTO,41.5,22.5,False,3
178,59.369,-0.0016,174.26,3.247,1.0,0.0,0.074,AUTO,50.55,-0.5,False,3
179,59.469,0.0078,102.37,2.926,1.0,0.022,0.0,AUTO,47.53,2.5,False,3
180,59.569,0.0391,162.37,2.832,1.0,0.05,0.0,AUTO,44.33,12.5,False,3
181,59.704,0.0141,62.77,2.73,1.0,0.081,0.0,AUTO,42.23,4.5,False,3
182,59.805,-0.0016,-63.5,2.717,0.5825,0.085,0.0,AUTO,37.29,-0.5,False,3
183,59.902,-0.0016,-118.75,2.648,-0.0227,0.6,0.0,AUTO,28.98,-0.5,False,3
184,60.002,-0.0016,-125.84,2.729,-0.0227,0.6,0.0,AUTO,15.89,-0.5,False,3
185,60.134,-0.0016,-105.61,2.985,-0.0227,0.577,0.0,AUTO,0.0,-0.5,False,3
186,60.234,-0.0016,-73.68,3.349,-0.0227,0.468,0.0,AUTO,0.0,-0.5,False,3
187,60.332,-0.0016,-41.25,3.686,-0.0227,0.367,0.0,AUTO,0.0,-0.5,False,3
188,60.433,-0.0016,-14.64,4.016,-0.0227,0.268,0.0,AUTO,0.0,-0.5,False,3
189,60.537,-0.0016,3.65,4.31,-0.0227,0.18,0.0,AUTO,0.0,-0.5,False,3
190,60.668,-0.0016,13.77,4.57,-0.0227,0.102,0.0,AUTO,0.0,-0.5,False,3
191,60.766,-0.0016,17.29,4.799,-0.0227,0.033,0.0,AUTO,0.0,-0.5,False,2
192,60.865,-0.0016,16.33,4.891,-0.0227,0.005,0.0,AUTO,0.0,-0.5,False,2
193,60.967,-0.0016,12.92,4.915,-0.0227,0.0,0.002,AUTO,0.0,-0.5,False,1
194,61.071,-0.0016,8.69,4.865,-0.0227,0.013,0.0,AUTO,0.0,-0.5,False,0
195,61.2,-0.0016,4.72,4.81,-0.0227,0.03,0.0,AUTO,0.0,-0.5,False,1
196,61.299,-0.0016,1.61,4.729,-0.0227,0.054,0.0,AUTO,0.0,-0.5,False,1
197,61.434,-0.0016,-0.47,4.671,-0.0227,0.072,0.0,AUTO,0.0,-0.5,False,1
198,61.569,-0.0016,-1.58,4.649,-0.0227,0.078,0.0,AUTO,0.0,-0.5,False,0
199,61.666,-0.0016,-1.93,4.663,-0.0227,0.074,0.0,AUTO,0.0,-0.5,False,1
200,61.765,-0.0016,-1.79,4.684,-0.0227,0.067,0.0,AUTO,0.0,-0.5,False,1
201,61.867,-0.0016,-1.39,4.69,-0.0227,0.066,0.0,AUTO,0.0,-0.5,False,1
202,61.967,-0.0016,-0.91,4.71,-0.0227,0.06,0.0,AUTO,0.0,-0.5,False,1
203,62.065,-0.0016,-0.47,4.714,-0.0227,0.059,0.0,AUTO,0.0,-0.5,False,1
204,62.167,-0.0016,-0.14,4.724,-0.0227,0.056,0.0,AUTO,0.0,-0.5,False,0
205,62.272,-0.0016,0.08,4.723,-0.0227,0.056,0.0,AUTO,0.0,-0.5,False,1
206,62.366,-0.0016,0.2,4.722,-0.0227,0.056,0.0,AUTO,0.0,-0.5,False,2
207,62.465,-0.0016,0.22,4.718,-0.0227,0.057,0.0,AUTO,0.0,-0.5,False,1
208,62.566,-0.0016,0.2,4.721,-0.0227,0.056,0.0,AUTO,0.0,-0.5,False,1
209,62.667,-0.0016,0.15,4.709,-0.0227,0.06,0.0,AUTO,0.0,-0.5,False,1
210,62.769,-0.0016,0.1,4.713,-0.0227,0.059,0.0,AUTO,0.0,-0.5,False,1
211,62.867,-0.0016,0.05,4.713,-0.0227,0.059,0.0,AUTO,0.0,-0.5,False,1
212,62.966,-0.0016,0.01,4.717,-0.0227,0.058,0.0,AUTO,0.0,-0.5,False,1
213,63.065,-0.0016,-0.01,4.718,-0.0227,0.057,0.0,AUTO,0.0,-0.5,False,1
214,63.165,-0.0016,-0.02,4.713,-0.0227,0.059,0.0,AUTO,0.0,-0.5,False,1
215,63.266,-0.0016,-0.03,4.72,-0.0227,0.057,0.0,AUTO,0.0,-0.5,False,1
216,63.37,-0.0016,-0.02,4.718,-0.0227,0.057,0.0,AUTO,0.0,-0.5,False,1
217,63.466,-0.0016,-0.02,4.713,-0.0227,0.059,0.0,AUTO,0.0,-0.5,False,1
218,63.567,-0.0016,-0.01,4.711,-0.0227,0.06,0.0,AUTO,0.0,-0.5,False,1
219,63.665,-0.0016,-0.0,4.714,-0.0227,0.059,0.0,AUTO,0.0,-0.5,False,1
220,63.765,-0.0016,-0.0,4.71,-0.0227,0.06,0.0,AUTO,0.0,-0.5,False,1
221,63.867,-0.0016,0.0,4.715,-0.0227,0.058,0.0,AUTO,0.0,-0.5,False,1
222,63.966,-0.0016,0.0,4.716,-0.0227,0.058,0.0,AUTO,0.0,-0.5,False,1
223,64.102,-0.0016,0.0,4.72,-0.0227,0.057,0.0,AUTO,0.0,-0.5,False,1
224,64.199,-0.0016,0.0,4.711,-0.0227,0.06,0.0,AUTO,0.0,-0.5,False,1
225,64.302,-0.0016,0.0,4.716,-0.0227,0.058,0.0,AUTO,0.0,-0.5,False,1
226,64.437,-0.0016,0.0,4.715,-0.0227,0.058,0.0,AUTO,0.0,-0.5,False,1
227,64.533,-0.0016,0.0,4.712,-0.0227,0.059,0.0,AUTO,0.0,-0.5,False,2
228,64.632,-0.0016,0.0,4.71,-0.0227,0.06,0.0,AUTO,0.0,-0.5,False,2
229,64.765,-0.0016,-0.0,4.718,-0.0227,0.057,0.0,AUTO,0.0,-0.5,False,2
230,64.902,-0.0016,-0.0,4.721,-0.0227,0.056,0.0,AUTO,0.0,-0.5,False,2
231,65.036,-0.0016,-0.0,4.72,-0.0227,0.057,0.0,AUTO,0.0,-0.5,False,2
232,65.167,-0.0016,-0.0,4.742,-0.0227,0.05,0.0,AUTO,0.0,-0.5,False,2
233,65.3,-0.0016,-0.0,4.747,-0.0227,0.049,0.0,AUTO,0.0,-0.5,False,3
234,65.436,-0.0016,-0.0,4.753,-0.0227,0.047,0.0,AUTO,0.0,-0.5,False,2
235,65.568,-0.0016,-0.0,4.765,-0.0227,0.043,0.0,AUTO,0.0,-0.5,False,2
236,65.666,-0.0016,0.0,4.773,-0.0227,0.041,0.0,AUTO,0.0,-0.5,False,2
237,65.799,-0.0016,0.0,4.76,-0.0227,0.045,0.0,AUTO,0.0,-0.5,False,3
238,65.932,-0.0016,0.0,4.74,-0.0227,0.051,0.0,AUTO,0.0,-0.5,False,3
239,66.066,-0.0016,0.0,4.731,-0.0227,0.053,0.0,AUTO,0.0,-0.5,False,3
240,66.2,-0.0016,-0.53,4.742,-0.0227,0.05,0.0,AUTO,-12.99,-0.5,False,3
241,66.299,-0.0016,-1.93,4.744,-0.0227,0.05,0.0,AUTO,-38.39,-0.5,False,3
242,66.434,-0.0016,-2.6,4.753,-0.6772,0.0,0.526,AUTO,-30.96,-0.5,False,3
243,66.532,-0.0016,-3.22,4.517,-0.0227,0.118,0.0,AUTO,-37.29,-0.5,False,3
244,66.632,-0.0016,-3.13,4.201,-0.0227,0.212,0.0,AUTO,-27.61,-0.5,False,3
245,66.734,-0.0016,-3.27,4.286,-0.2477,0.0,0.083,AUTO,-35.58,-0.5,False,4
246,66.837,-0.0016,-3.09,4.314,-0.1585,0.016,0.0,AUTO,-30.96,-0.5,False,3
247,66.936,-0.0016,-3.74,4.314,-0.5232,0.0,0.394,AUTO,-51.6,-0.5,False,3
248,67.066,-0.1484,154.84,4.094,-1.0,0.0,0.328,AUTO,-32.24,-47.5,False,3
249,67.169,-0.0422,-155.34,3.524,-1.0,0.0,0.157,AUTO,-46.71,-13.5,False,3
250,67.264,-0.0016,57.51,3.288,-0.9432,0.0,0.086,AUTO,-47.53,-0.5,False,3
251,67.399,-0.0016,151.37,3.197,-0.4621,0.0,0.014,AUTO,-38.66,-0.5,False,3
252,67.498,-0.0016,167.68,3.129,-0.0227,0.534,0.0,AUTO,-14.24,-0.5,False,3
253,67.637,-0.0016,153.14,3.089,-0.0227,0.546,0.0,AUTO,-49.65,-0.5,False,3
254,67.733,-0.0016,117.41,3.097,-1.0,0.0,0.029,AUTO,-42.95,-0.5,False,3
255,67.868,-0.0016,63.19,3.171,-0.7135,0.0,0.051,AUTO,-38.12,-0.5,False,3
256,68.001,-0.0016,19.11,3.196,-0.0227,0.514,0.0,AUTO,-33.49,-0.5,False,3
257,68.1,-0.0016,-11.44,3.21,-0.8501,0.0,0.063,AUTO,-45.65,-0.5,False,3
258,68.199,-0.0016,-27.83,3.195,-0.6018,0.0,0.059,AUTO,-38.12,-0.5,False,3
259,68.302,-0.0016,-32.82,3.139,-0.0227,0.531,0.0,AUTO,-28.98,-0.5,False,3
260,68.4,-0.0016,-30.09,3.144,-0.0227,0.53,0.0,AUTO,-19.09,-0.5,False,3
261,68.535,-0.0016,-23.09,3.181,-0.0227,0.518,0.0,AUTO,-7.02,-0.5,False,3
262,68.636,-0.0016,-16.07,3.284,-0.0227,0.488,0.0,AUTO,-29.32,-0.5,False,3
263,68.771,-0.0016,-9.34,3.629,-0.0227,0.384,0.0,AUTO,-22.18,-0.5,False,3
264,68.867,-0.0016,-3.88,3.934,-0.0227,0.293,0.0,AUTO,-15.48,-0.5,False,3
265,69.001,-0.0016,-0.02,4.256,-0.0227,0.196,0.0,AUTO,-8.32,-0.5,False,3
266,69.099,-0.0016,2.39,4.629,-0.0227,0.084,0.0,AUTO,0.0,-0.5,False,3
267,69.198,-0.0016,3.32,4.834,-0.0227,0.023,0.0,AUTO,0.0,-0.5,False,3
268,69.299,-0.0016,3.24,4.932,-0.0227,0.0,0.007,AUTO,0.0,-0.5,False,3
269,69.403,-0.0016,2.6,4.947,-0.0227,0.0,0.011,AUTO,0.0,-0.5,False,3
270,69.504,-0.0016,1.76,4.901,-0.0227,0.002,0.0,AUTO,0.0,-0.5,False,2
271,69.602,-0.0016,0.96,4.854,-0.0227,0.016,0.0,AUTO,0.0,-0.5,False,2
272,69.699,-0.0016,0.32,4.806,-0.0227,0.031,0.0,AUTO,0.0,-0.5,False,2
273,69.799,-0.0016,-0.1,4.762,-0.0227,0.044,0.0,AUTO,0.0,-0.5,False,2
274,69.9,-0.0016,-0.33,4.713,-0.0227,0.059,0.0,AUTO,0.0,-0.5,False,2
275,70.0,-0.0016,-0.41,4.684,-0.0227,0.067,0.0,AUTO,0.0,-0.5,False,2
276,70.1,-0.0016,-0.38,4.688,-0.0227,0.066,0.0,AUTO,0.0,-0.5,False,2
277,70.202,-0.0016,-0.29,4.712,-0.0227,0.059,0.0,AUTO,0.0,-0.5,False,2
278,70.299,-0.0016,-0.19,4.732,-0.0227,0.053,0.0,AUTO,0.0,-0.5,False,2
279,70.401,-0.0016,-0.1,4.744,-0.0227,0.05,0.0,AUTO,0.0,-0.5,False,1
280,70.537,-0.0016,-0.03,4.755,-0.0227,0.046,0.0,AUTO,0.0,-0.5,False,1
281,70.637,-0.0016,0.02,4.761,-0.0227,0.044,0.0,AUTO,0.0,-0.5,False,1
282,70.736,-0.0016,0.04,4.758,-0.0227,0.045,0.0,AUTO,0.0,-0.5,False,1
283,70.834,-0.0016,0.05,4.754,-0.0227,0.046,0.0,AUTO,0.0,-0.5,False,1
284,70.967,-0.0016,0.04,4.752,-0.0227,0.047,0.0,AUTO,0.0,-0.5,False,0
285,71.066,-0.0016,0.03,4.75,-0.0227,0.048,0.0,AUTO,0.0,-0.5,False,0
286,71.202,-0.0016,0.02,4.745,-0.0227,0.049,0.0,AUTO,0.0,-0.5,False,0
287,71.335,-0.0016,0.01,4.746,-0.0227,0.049,0.0,AUTO,0.0,-0.5,False,0
288,71.434,-0.0016,0.0,4.748,-0.0227,0.048,0.0,AUTO,0.0,-0.5,False,0
289,71.533,-0.0016,-0.0,4.746,-0.0227,0.049,0.0,AUTO,0.0,-0.5,False,0
290,71.633,-0.0016,-0.0,4.751,-0.0227,0.048,0.0,AUTO,0.0,-0.5,False,1
291,71.736,-0.0016,-0.01,4.75,-0.0227,0.048,0.0,AUTO,0.0,-0.5,False,0
292,71.835,-0.0016,-0.0,4.746,-0.0227,0.049,0.0,AUTO,0.0,-0.5,False,1
293,71.934,-0.0016,-0.0,4.751,-0.0227,0.048,0.0,AUTO,0.0,-0.5,False,1
294,72.032,-0.0016,-0.0,4.742,-0.0227,0.05,0.0,AUTO,0.0,-0.5,False,1
295,72.135,-0.0016,-0.0,4.747,-0.0227,0.049,0.0,AUTO,0.0,-0.5,False,2
296,72.233,-0.0016,-0.0,4.766,-0.0227,0.043,0.0,AUTO,0.0,-0.5,False,2
297,72.333,-0.0016,0.0,4.78,-0.0227,0.039,0.0,AUTO,0.0,-0.5,False,1
298,72.433,-0.0016,0.0,4.765,-0.0227,0.043,0.0,AUTO,0.0,-0.5,False,2
299,72.536,-0.0016,0.0,4.747,-0.0227,0.049,0.0,AUTO,0.0,-0.5,False,1
300,72.637,-0.0016,0.0,4.781,-0.0227,0.039,0.0,AUTO,0.0,-0.5,False,2
301,72.736,-0.0016,0.0,4.756,-0.0227,0.046,0.0,AUTO,0.0,-0.5,False,2
302,72.835,-0.0016,0.0,4.709,-0.0227,0.06,0.0,AUTO,0.0,-0.5,False,2
303,72.967,-0.0016,0.0,4.735,-0.0227,0.052,0.0,AUTO,0.0,-0.5,False,2
304,73.101,-0.0016,0.0,4.781,-0.0227,0.038,0.0,AUTO,0.0,-0.5,False,2
305,73.2,-0.0016,-0.0,4.798,-0.0227,0.033,0.0,AUTO,0.0,-0.5,False,3
306,73.3,-0.0016,-0.0,4.805,-0.0227,0.031,0.0,AUTO,0.0,-0.5,False,4
307,73.4,-0.0016,-0.0,4.807,-0.0227,0.031,0.0,AUTO,0.0,-0.5,False,4
308,73.534,-0.0016,-0.0,4.804,-0.0227,0.032,0.0,AUTO,0.0,-0.5,False,4
309,73.667,-0.0016,-0.0,4.805,-0.0227,0.031,0.0,AUTO,0.0,-0.5,False,2
310,73.766,-0.0016,-0.0,4.821,-0.0227,0.026,0.0,AUTO,0.0,-0.5,False,2
311,73.867,-0.0016,-0.0,4.834,-0.0227,0.023,0.0,AUTO,0.0,-0.5,False,3
312,73.967,-0.0016,0.0,4.842,-0.0227,0.02,0.0,AUTO,0.0,-0.5,False,3
313,74.066,-0.0016,0.0,4.85,-0.0227,0.018,0.0,AUTO,0.0,-0.5,False,3
314,74.202,-0.0016,0.0,4.853,-0.0227,0.017,0.0,AUTO,0.0,-0.5,False,3
315,74.3,-0.0016,0.0,4.865,-0.0227,0.013,0.0,AUTO,0.0,-0.5,False,4
316,74.435,-0.0016,0.0,4.866,-0.0227,0.013,0.0,AUTO,0.0,-0.5,False,3
317,74.569,-0.0016,0.0,4.866,-0.0227,0.013,0.0,AUTO,0.0,-0.5,False,1
318,74.702,-0.0016,0.0,4.879,-0.0227,0.009,0.0,AUTO,0.0,-0.5,False,3
319,74.8,-0.0016,0.0,4.906,-0.0153,0.01,0.0,AUTO,0.0,-0.5,False,3
320,74.935,-0.0016,0.12,4.921,-0.0153,0.005,0.0,AUTO,3.08,-0.5,False,3
321,75.033,-0.0016,0.09,4.938,-0.0227,0.0,0.009,AUTO,0.0,-0.5,False,3
322,75.17,-0.0016,0.61,4.978,-0.0153,0.0,0.012,AUTO,13.83,-0.5,False,4
323,75.302,-0.0016,0.43,4.995,-0.0153,0.0,0.017,AUTO,0.0,-0.5,False,2
324,75.435,-0.0016,0.49,4.963,0.8785,0.0,0.589,AUTO,5.71,-0.5,False,4
325,75.534,0.2641,-62.81,4.64,1.0,0.0,0.492,AUTO,23.3,84.5,False,5
326,75.671,0.3453,117.57,4.07,1.0,0.0,0.321,AUTO,25.14,110.5,False,6
327,75.767,0.2524,-88.43,3.415,1.0,0.0,0.664,AUTO,0.0,0.0,True,0
328,75.901,0.2475,34.76,2.873,1.0,0.0,0.502,AUTO,0.0,0.0,True,0
329,76.002,0.6469,138.81,2.11,1.0,0.267,0.0,AUTO,-17.1,207.0,False,5
330,76.103,0.6266,158.22,1.757,1.0,0.373,0.0,AUTO,-7.02,200.5,False,5
331,76.201,0.5594,131.33,1.701,1.0,0.39,0.0,AUTO,22.93,179.0,False,5
332,76.3,0.6453,102.52,1.797,1.0,0.361,0.0,AUTO,-13.41,206.5,False,5
333,76.398,0.5609,-29.16,1.945,1.0,0.317,0.0,AUTO,3.96,179.5,False,5
334,76.533,0.5203,127.96,2.102,1.0,0.269,0.0,AUTO,7.88,166.5,False,5
335,76.666,0.4578,118.82,2.403,1.0,0.179,0.0,AUTO,5.27,146.5,False,5
336,76.766,0.3453,-175.72,2.633,1.0,0.11,0.0,AUTO,19.49,110.5,False,6
337,76.902,0.3141,87.99,2.818,1.0,0.054,0.0,AUTO,14.66,100.5,False,6
338,76.998,0.1141,114.08,3.005,1.0,0.0,0.002,AUTO,34.09,36.5,False,5
339,77.099,-0.0016,110.61,3.018,1.0,0.0,0.006,AUTO,41.5,-0.5,False,6
340,77.202,-0.0016,155.74,3.001,-0.0153,0.581,0.0,AUTO,0.0,-0.5,False,5
341,77.299,-0.0016,48.94,3.009,-0.0153,0.579,0.0,AUTO,0.0,-0.5,False,3
342,77.401,-0.0016,87.46,3.071,-0.0153,0.56,0.0,AUTO,0.0,-0.5,False,2
343,77.499,-0.0016,-159.62,3.294,-0.0153,0.494,0.0,AUTO,0.0,-0.5,False,0
344,77.601,-0.0016,49.66,3.543,-0.0153,0.419,0.0,AUTO,0.0,-0.5,False,1
345,77.706,-0.0016,-75.42,3.845,-0.0153,0.328,0.0,AUTO,0.0,-0.5,False,2
346,77.804,-0.0016,-152.24,4.132,-0.0153,0.242,0.0,AUTO,0.0,-0.5,False,3
347,77.901,-0.0016,164.79,4.401,-0.0227,0.152,0.0,AUTO,0.0,-0.5,False,2
348,77.999,-0.0016,88.11,4.631,-0.0227,0.083,0.0,AUTO,0.0,-0.5,False,1
349,78.105,-0.0016,14.27,4.767,-0.0227,0.043,0.0,AUTO,0.0,-0.5,False,1
350,78.204,-0.0016,-39.47,4.864,-0.0227,0.014,0.0,AUTO,0.0,-0.5,False,1
351,78.337,-0.0016,-68.75,4.88,-0.0227,0.009,0.0,AUTO,0.0,-0.5,False,1
352,78.469,-0.0016,-76.69,4.84,-0.0227,0.021,0.0,AUTO,0.0,-0.5,False,1
353,78.601,-0.0016,-69.66,4.79,-0.0227,0.036,0.0,AUTO,0.0,-0.5,False,1
354,78.734,-0.0016,-54.46,4.718,-0.0227,0.057,0.0,AUTO,0.0,-0.5,False,1
355,78.833,-0.0016,-36.78,4.7,-0.0227,0.063,0.0,AUTO,0.0,-0.5,False,2
356,78.968,-0.0016,-20.52,4.714,-0.0227,0.059,0.0,AUTO,0.0,-0.5,False,2
357,79.102,-0.0016,-7.78,4.737,-0.0227,0.052,0.0,AUTO,0.0,-0.5,False,2
358,79.234,-0.0016,0.76,4.779,-0.0227,0.039,0.0,AUTO,0.0,-0.5,False,1
359,79.368,-0.0016,5.45,4.796,-0.0227,0.034,0.0,AUTO,0.0,-0.5,False,1
360,79.467,-0.0016,7.11,4.799,-0.0227,0.033,0.0,AUTO,0.0,-0.5,False,1
361,79.601,-0.0016,6.76,4.797,-0.0227,0.034,0.0,AUTO,0.0,-0.5,False,1
362,79.734,-0.0016,5.33,4.777,-0.0227,0.04,0.0,AUTO,0.0,-0.5,False,1
363,79.868,-0.0016,3.54,4.759,-0.0227,0.045,0.0,AUTO,0.0,-0.5,False,2
364,79.967,-0.0016,1.87,4.748,-0.0227,0.048,0.0,AUTO,0.0,-0.5,False,3
365,80.068,-0.0016,0.57,4.748,-0.0227,0.048,0.0,AUTO,0.0,-0.5,False,2
366,80.166,-0.0016,-0.29,4.739,-0.0227,0.051,0.0,AUTO,0.0,-0.5,False,2
367,80.27,-0.0016,-0.73,4.743,-0.0227,0.05,0.0,AUTO,0.0,-0.5,False,0
368,80.369,-0.0016,-0.86,4.738,-0.0227,0.051,0.0,AUTO,0.0,-0.5,False,1
369,80.466,-0.0016,-0.78,4.731,-0.0227,0.054,0.0,AUTO,0.0,-0.5,False,1
370,80.603,-0.0016,-0.6,4.731,-0.0227,0.053,0.0,AUTO,0.0,-0.5,False,0
371,80.701,-0.0016,-0.39,4.734,-0.0227,0.052,0.0,AUTO,0.0,-0.5,False,1
372,80.805,-0.0016,-0.67,4.717,-0.0227,0.058,0.0,AUTO,-11.73,-0.5,False,3
373,80.902,-0.1906,-5.05,4.721,-1.0,0.0,0.516,AUTO,-37.84,-61.0,False,4
374,81.0,-0.2797,-33.23,4.468,-1.0,0.0,0.44,AUTO,-26.57,-89.5,False,4
375,81.099,-0.1972,-153.02,3.943,-1.0,0.0,0.8,AUTO,0.0,0.0,True,0
376,81.232,-0.5609,-56.66,3.376,-1.0,0.0,0.113,AUTO,-12.99,-179.5,False,5
377,81.369,-0.6453,91.47,2.751,-1.0,0.075,0.0,AUTO,-7.45,-206.5,False,5
378,81.5,-0.6922,93.47,2.756,-1.0,0.073,0.0,AUTO,12.15,-221.5,False,5
379,81.602,-0.6281,-141.3,2.775,-1.0,0.068,0.0,AUTO,-19.09,-201.0,False,5
380,81.702,-0.6344,34.31,2.834,-1.0,0.0,0.49,AUTO,0.0,0.0,True,0
381,81.8,-0.6326,-113.2,2.614,-1.0,0.0,0.424,AUTO,0.0,0.0,True,0
382,81.899,-0.6387,128.78,2.03,-1.0,0.0,0.249,AUTO,0.0,0.0,True,0
383,82.002,-0.6317,34.37,1.662,-1.0,0.0,0.139,AUTO,0.0,0.0,True,0
384,82.099,-0.6298,-41.15,1.476,-1.0,0.0,0.083,AUTO,0.0,0.0,True,0
385,82.235,-0.5172,-48.4,1.316,-1.0,0.505,0.0,AUTO,-6.15,-165.5,False,6
386,82.366,-0.4391,-150.2,1.188,-1.0,0.544,0.0,AUTO,-14.24,-140.5,False,6
387,82.466,-0.4047,152.58,1.276,-1.0,0.517,0.0,AUTO,-10.89,-129.5,False,5
388,82.566,-0.3312,-117.75,1.435,-1.0,0.47,0.0,AUTO,-18.3,-106.0,False,5
389,82.702,-0.3031,-87.71,1.671,-1.0,0.399,0.0,AUTO,-16.29,-97.0,False,3
390,82.834,-0.1812,-83.63,1.944,-1.0,0.317,0.0,AUTO,-29.98,-58.0,False,4
391,82.933,-0.0078,-69.18,2.312,-1.0,0.206,0.0,AUTO,-42.47,-2.5,False,3
392,83.04,-0.0016,-123.09,2.507,-0.1585,0.558,0.0,AUTO,-32.56,-0.5,False,2
393,83.136,-0.0016,-39.96,2.714,-0.0227,0.6,0.0,AUTO,-26.92,-0.5,False,2
394,83.235,-0.0016,-100.61,2.881,-0.3568,0.207,0.0,AUTO,-36.16,-0.5,False,2
395,83.334,-0.0016,132.34,3.08,-0.0227,0.549,0.0,AUTO,-26.21,-0.5,False,1
396,83.433,-0.0016,-82.29,3.321,-0.0227,0.476,0.0,AUTO,-9.18,-0.5,False,0
397,83.536,-0.0016,44.3,3.542,-0.0227,0.41,0.0,AUTO,0.0,-0.5,False,4
398,83.634,-0.0016,126.55,3.759,-0.0227,0.345,0.0,AUTO,-0.88,-0.5,False,4
399,83.767,-0.0016,162.93,4.016,-0.0227,0.268,0.0,AUTO,20.27,-0.5,False,6
400,83.866,-0.0016,175.49,4.322,-0.0227,0.176,0.0,AUTO,0.0,-0.5,False,5
401,84.002,-0.0016,160.21,4.538,-0.0227,0.111,0.0,AUTO,0.0,-0.5,False,4
402,84.134,-0.0016,116.83,4.704,-0.0227,0.062,0.0,AUTO,26.21,-0.5,False,5
403,84.233,-0.0016,72.31,4.776,-0.0227,0.04,0.0,AUTO,0.0,-0.5,False,5
404,84.368,-0.0016,35.04,4.782,-0.0227,0.038,0.0,AUTO,0.0,-0.5,False,4
405,84.466,-0.0016,8.09,4.736,-0.0227,0.052,0.0,AUTO,0.0,-0.5,False,4
406,84.57,-0.0016,-8.42,4.7,-0.0227,0.063,0.0,AUTO,0.0,-0.5,False,5
407,84.673,-0.0016,-16.14,4.663,-0.0227,0.074,0.0,AUTO,0.0,-0.5,False,4
408,84.834,-0.0016,-17.54,4.645,-0.0227,0.079,0.0,AUTO,0.0,-0.5,False,2
409,84.934,-0.0016,-15.12,4.661,-0.0227,0.074,0.0,AUTO,0.0,-0.5,False,2
410,85.037,-0.0016,-10.96,4.66,-0.0227,0.075,0.0,AUTO,0.0,-0.5,False,2
411,85.138,-0.0016,-6.57,4.635,-0.0227,0.082,0.0,AUTO,0.0,-0.5,False,2
412,85.233,-0.0016,-2.85,4.616,-0.0227,0.088,0.0,AUTO,0.0,-0.5,False,3
413,85.333,-0.0016,-0.17,4.606,-0.0227,0.091,0.0,AUTO,0.0,-0.5,False,3
414,85.469,-0.0016,1.41,4.6,-0.0227,0.093,0.0,AUTO,0.0,-0.5,False,3
415,85.603,-0.0016,2.08,4.609,-0.0227,0.09,0.0,AUTO,0.0,-0.5,False,3
416,85.738,-0.0016,2.1,4.663,-0.0227,0.074,0.0,AUTO,0.0,-0.5,False,3
417,85.87,-0.0016,1.74,4.719,-0.0153,0.066,0.0,AUTO,0.0,-0.5,False,4
418,86.034,-0.0016,1.22,4.782,-0.0153,0.047,0.0,AUTO,0.0,-0.5,False,3
419,86.167,-0.0016,0.71,4.908,-0.0227,0.0,0.0,AUTO,0.0,-0.5,False,2
420,86.303,-0.0016,0.29,4.906,-0.0227,0.001,0.0,AUTO,0.0,-0.5,False,2
421,86.466,-0.0016,-0.01,4.862,-0.0227,0.014,0.0,AUTO,0.0,-0.5,False,2
422,86.602,-0.0016,-0.17,4.769,-0.0227,0.042,0.0,AUTO,0.0,-0.5,False,1
423,86.77,-0.0016,-0.24,4.688,-0.0227,0.066,0.0,AUTO,0.0,-0.5,False,0
424,86.868,-0.0016,-0.24,4.64,-0.0227,0.081,0.0,AUTO,0.0,-0.5,False,1
425,87.003,-0.0016,-0.19,4.639,-0.0227,0.081,0.0,AUTO,0.0,-0.5,False,1
426,87.167,-0.0016,-0.13,4.642,-0.0227,0.08,0.0,AUTO,0.0,-0.5,False,3
427,87.267,-0.0016,-0.07,4.657,-0.0227,0.076,0.0,AUTO,0.0,-0.5,False,6
428,87.371,-0.0016,-0.03,4.676,-0.0153,0.079,0.0,AUTO,0.0,-0.5,False,7
429,87.471,-0.0016,2.23,4.667,-0.0153,0.082,0.0,AUTO,55.05,-0.5,False,7
430,87.566,0.1172,98.22,4.646,1.0,0.0,0.494,AUTO,59.42,37.5,False,11
431,87.667,0.2922,-78.5,4.394,1.0,0.0,0.418,AUTO,61.36,93.5,False,12
432,87.803,0.6078,-129.86,3.756,1.0,0.0,0.227,AUTO,36.44,194.5,False,12
433,87.936,0.5516,-21.91,3.091,1.0,0.0,0.027,AUTO,14.66,176.5,False,12
434,88.071,1.0109,115.5,2.793,1.0,0.062,0.0,AUTO,5.27,323.5,False,12
435,88.169,0.9703,-149.26,2.67,1.0,0.099,0.0,AUTO,12.15,310.5,False,12
436,88.303,0.9797,-34.06,2.614,1.0,0.116,0.0,AUTO,6.15,313.5,False,12
437,88.435,0.8828,167.39,2.681,1.0,0.096,0.0,AUTO,25.5,282.5,False,12
438,88.571,0.6203,42.49,2.773,1.0,0.068,0.0,AUTO,40.24,198.5,False,12
439,88.703,-0.0266,19.73,2.87,1.0,0.039,0.0,AUTO,64.78,-8.5,False,12
440,88.835,-0.0016,-75.04,2.958,1.0,0.013,0.0,AUTO,47.92,-0.5,False,11
441,88.967,-0.0359,-22.97,3.01,1.0,0.0,0.003,AUTO,61.15,-11.5,False,12
442,89.101,-0.0016,-178.75,3.061,0.1978,0.344,0.0,AUTO,33.49,-0.5,False,10
443,89.235,-0.0016,-140.68,3.12,-0.0153,0.546,0.0,AUTO,0.0,-0.5,False,6
444,89.333,-0.0016,3.26,3.281,-0.0227,0.488,0.0,AUTO,0.0,-0.5,False,5
445,89.466,-0.0016,-162.84,3.562,-0.0227,0.404,0.0,AUTO,0.0,-0.5,False,5
446,89.603,-0.0016,90.52,3.982,-0.0227,0.278,0.0,AUTO,0.0,-0.5,False,5
447,89.737,-0.0016,-18.38,4.453,-0.0227,0.137,0.0,AUTO,0.0,-0.5,False,5
448,89.833,-0.0016,-97.23,4.829,-0.0227,0.024,0.0,AUTO,0.0,-0.5,False,4
449,89.969,-0.0016,-137.33,4.943,-0.0227,0.0,0.01,AUTO,0.0,-0.5,False,4
450,90.104,-0.0016,-157.95,5.013,-0.0227,0.0,0.031,AUTO,0.0,-0.5,False,3
451,90.201,-0.0016,-150.92,4.934,-0.0227,0.0,0.007,AUTO,0.0,-0.5,False,4
452,90.336,-0.0016,-113.18,4.891,-0.0227,0.005,0.0,AUTO,0.0,-0.5,False,2
453,90.47,-0.0016,-73.48,4.831,-0.0227,0.023,0.0,AUTO,0.0,-0.5,False,2
454,90.567,-0.0016,-38.87,4.777,-0.0227,0.04,0.0,AUTO,0.0,-0.5,False,0
455,90.703,-0.0016,-12.83,4.735,-0.0227,0.052,0.0,AUTO,0.0,-0.5,False,1
456,90.799,-0.0016,3.96,4.681,-0.0227,0.068,0.0,AUTO,0.0,-0.5,False,2
457,90.935,-0.0016,12.62,4.675,-0.0227,0.07,0.0,AUTO,0.0,-0.5,False,3
458,91.038,-0.0016,15.17,4.711,-0.0227,0.06,0.0,AUTO,0.0,-0.5,False,1
459,91.133,-0.0016,13.83,4.735,-0.0227,0.052,0.0,AUTO,0.0,-0.5,False,1
460,91.268,-0.0016,10.52,4.749,-0.0227,0.048,0.0,AUTO,0.0,-0.5,False,1
461,91.372,-0.0016,6.69,4.765,-0.0227,0.043,0.0,AUTO,0.0,-0.5,False,1
462,91.506,-0.0016,3.27,4.764,-0.0227,0.043,0.0,AUTO,0.0,-0.5,False,0
463,91.669,-0.0016,0.69,4.751,-0.0227,0.048,0.0,AUTO,0.0,-0.5,False,0
464,91.8,-0.0016,-0.93,4.746,-0.0227,0.049,0.0,AUTO,0.0,-0.5,False,0
465,91.935,-0.0016,-1.7,4.745,-0.0227,0.049,0.0,AUTO,0.0,-0.5,False,1
466,92.07,-0.0016,-1.85,4.745,-0.0227,0.049,0.0,AUTO,0.0,-0.5,False,1
467,92.202,-0.0016,-1.61,4.747,-0.0227,0.049,0.0,AUTO,0.0,-0.5,False,1
468,92.301,-0.0016,-1.19,4.749,-0.0227,0.048,0.0,AUTO,0.0,-0.5,False,0
469,92.437,-0.0016,-0.73,4.752,-0.0227,0.047,0.0,AUTO,0.0,-0.5,False,0
470,92.569,-0.0016,-0.34,4.751,-0.0227,0.047,0.0,AUTO,0.0,-0.5,False,1
471,92.702,-0.0016,-0.05,4.747,-0.0227,0.049,0.0,AUTO,0.0,-0.5,False,0
472,92.838,-0.0016,0.12,4.75,-0.0227,0.048,0.0,AUTO,0.0,-0.5,False,3
473,93.0,-0.0016,0.2,4.712,-0.0227,0.059,0.0,AUTO,0.0,-0.5,False,3
474,93.134,-0.0016,-0.79,4.665,-0.0227,0.073,0.0,AUTO,-24.78,-0.5,False,6
475,93.269,-0.0016,-0.54,4.647,-1.0,0.0,0.494,AUTO,0.0,-0.5,False,8
476,93.371,0.5859,87.07,4.415,1.0,0.0,0.424,AUTO,7.88,187.5,False,11
477,93.504,0.4422,78.73,3.828,1.0,0.0,0.248,AUTO,24.78,141.5,False,11
478,93.669,0.4453,170.67,3.135,1.0,0.0,0.041,AUTO,51.25,142.5,False,11
479,93.803,0.4578,128.02,2.852,1.0,0.044,0.0,AUTO,18.7,146.5,False,11
480,93.939,0.0703,-70.08,2.742,1.0,0.077,0.0,AUTO,57.49,22.5,False,11
481,94.069,0.2463,-71.78,2.701,1.0,0.0,0.45,AUTO,0.0,0.0,True,0
482,94.202,-0.0016,-90.22,2.476,-0.0227,0.6,0.0,AUTO,-3.52,-0.5,False,6
483,94.338,-0.0016,-93.59,2.066,-0.0227,0.6,0.0,AUTO,0.0,-0.5,False,7
484,94.435,-0.0016,71.87,2.343,-0.0227,0.6,0.0,AUTO,11.31,-0.5,False,7
485,94.57,-0.0016,-71.69,2.591,-0.0227,0.6,0.0,AUTO,0.0,-0.5,False,5
486,94.704,-0.0016,-152.39,2.982,-0.0227,0.578,0.0,AUTO,18.7,-0.5,False,6
487,94.804,-0.0016,165.77,3.423,-0.0227,0.446,0.0,AUTO,-10.46,-0.5,False,6
488,94.936,-0.0016,92.54,3.819,-0.0227,0.327,0.0,AUTO,11.31,-0.5,False,7
489,95.07,-0.0016,20.19,4.235,-0.0227,0.202,0.0,AUTO,-26.21,-0.5,False,6
490,95.203,-0.0891,-6.7,4.533,-1.0,0.0,0.46,AUTO,-0.88,-28.5,False,9
491,95.336,-0.0953,108.19,4.581,-1.0,0.0,0.474,AUTO,64.78,-30.5,False,10
492,95.471,-0.0016,-72.05,3.932,1.0,0.0,0.28,AUTO,54.76,-0.5,False,11
493,95.569,0.2703,-5.11,3.381,1.0,0.0,0.114,AUTO,32.87,86.5,False,11
494,95.702,0.1256,83.69,3.125,1.0,0.0,0.578,AUTO,0.0,0.0,True,0
495,95.804,0.5484,-124.79,2.523,1.0,0.143,0.0,AUTO,13.83,175.5,False,12
496,95.903,0.4078,64.25,2.207,1.0,0.238,0.0,AUTO,30.31,130.5,False,11
497,96.034,0.2453,-28.05,2.239,1.0,0.228,0.0,AUTO,38.12,78.5,False,11
498,96.17,-0.0922,-88.23,2.352,1.0,0.194,0.0,AUTO,61.36,-29.5,False,11
499,96.304,-0.0016,165.14,2.587,-0.0227,0.6,0.0,AUTO,-7.88,-0.5,False,8
500,96.438,-0.0016,-161.24,2.882,-0.0227,0.6,0.0,AUTO,0.0,-0.5,False,5
501,96.575,-0.0016,20.71,3.298,-0.0227,0.483,0.0,AUTO,-21.04,-0.5,False,6
502,96.735,-0.0016,-103.22,3.789,-0.0227,0.336,0.0,AUTO,0.0,-0.5,False,6
503,96.87,-0.0016,-168.4,4.291,-0.0227,0.186,0.0,AUTO,-17.9,-0.5,False,7
504,96.969,-0.0016,161.89,4.677,-0.0227,0.069,0.0,AUTO,-22.56,-0.5,False,7
505,97.104,-0.0016,96.51,4.901,-0.0227,0.002,0.0,AUTO,0.0,-0.5,False,6
506,97.204,-0.0016,29.46,5.039,-0.0227,0.0,0.039,AUTO,6.15,-0.5,False,6
507,97.336,-0.0016,-22.27,5.033,-0.0227,0.0,0.037,AUTO,0.0,-0.5,False,5
508,97.434,-0.0016,-51.61,4.915,-0.0227,0.0,0.002,AUTO,30.96,-0.5,False,7
509,97.571,-0.1172,-142.83,4.85,-1.0,0.0,0.555,AUTO,63.78,-37.5,False,10
510,97.705,-0.0016,57.6,4.472,-0.0227,0.131,0.0,AUTO,-9.61,-0.5,False,6
511,97.836,-0.0016,148.52,3.942,-0.0227,0.29,0.0,AUTO,0.88,-0.5,False,5
512,97.97,-0.0016,159.7,4.047,-0.0227,0.259,0.0,AUTO,17.1,-0.5,False,6
513,98.102,0.0039,155.01,4.206,-0.0216,0.0,0.672,AUTO,0.0,0.0,True,0
514,98.236,0.0124,151.27,4.184,-0.0205,0.0,0.665,AUTO,0.0,0.0,True,0
515,98.333,0.0206,148.27,3.445,-0.0195,0.0,0.443,AUTO,0.0,0.0,True,0
516,98.471,1.3141,-102.12,2.881,1.0,0.036,0.0,AUTO,-24.78,420.5,False,11
517,98.572,1.1532,-143.47,2.564,1.0,0.0,0.409,AUTO,0.0,0.0,True,0
518,98.67,1.1453,111.45,2.294,1.0,0.0,0.328,AUTO,0.0,0.0,True,0
519,98.768,1.1514,-44.61,1.779,1.0,0.0,0.174,AUTO,0.0,0.0,True,0
520,98.868,1.5391,-86.67,1.515,1.0,0.445,0.0,AUTO,-20.27,492.5,False,11
521,98.968,1.6266,-120.87,1.461,1.0,0.462,0.0,AUTO,-46.29,520.5,False,11
522,99.07,1.5766,124.2,1.506,1.0,0.448,0.0,AUTO,-17.9,504.5,False,11
523,99.17,1.3547,112.02,1.646,1.0,0.406,0.0,AUTO,-37.57,433.5,False,11
524,99.302,1.3516,80.01,1.862,1.0,0.341,0.0,AUTO,-42.23,432.5,False,10
525,99.438,1.1703,-137.24,2.096,1.0,0.271,0.0,AUTO,-7.02,374.5,False,10
526,99.575,1.2016,-140.62,2.526,1.0,0.142,0.0,AUTO,-31.61,384.5,False,10
527,99.708,0.8828,-116.3,2.733,1.0,0.08,0.0,AUTO,-27.61,282.5,False,10
528,99.867,0.3016,111.31,3.013,1.0,0.0,0.004,AUTO,57.24,96.5,False,10
529,100.002,0.2266,-152.22,3.146,1.0,0.0,0.044,AUTO,54.46,72.5,False,11
530,100.135,-0.1047,-139.79,3.14,1.0,0.0,0.042,AUTO,68.01,-33.5,False,11
531,100.271,-0.0016,-171.78,3.102,0.0227,0.542,0.0,AUTO,46.29,-0.5,False,8
532,100.403,-0.0016,174.02,3.106,-0.0227,0.541,0.0,AUTO,0.0,-0.5,False,7
533,100.534,-0.0016,-43.06,3.342,-0.0227,0.47,0.0,AUTO,0.0,-0.5,False,6
534,100.669,-0.0016,-98.82,3.747,-0.0227,0.349,0.0,AUTO,0.0,-0.5,False,5
535,100.802,-0.0016,-38.25,4.217,-0.0227,0.208,0.0,AUTO,0.0,-0.5,False,5
536,100.903,-0.0016,86.91,4.715,-0.0227,0.058,0.0,AUTO,0.0,-0.5,False,5
537,101.034,-0.0016,-113.26,4.999,-0.0227,0.0,0.027,AUTO,0.0,-0.5,False,4
538,101.136,-0.0016,106.47,5.161,-0.0227,0.0,0.075,AUTO,0.0,-0.5,False,4
539,101.239,-0.0016,-27.84,5.149,-0.0227,0.0,0.072,AUTO,0.0,-0.5,False,4
540,101.336,-0.0016,-121.63,5.095,-0.0227,0.0,0.056,AUTO,0.0,-0.5,False,4
541,101.434,-0.0016,178.22,5.087,-0.0153,0.0,0.044,AUTO,0.0,-0.5,False,4
542,101.533,-0.0016,88.02,5.073,-0.0153,0.0,0.04,AUTO,0.0,-0.5,False,6
543,101.668,-0.0016,5.65,5.081,-0.0153,0.0,0.043,AUTO,0.0,-0.5,False,6
544,101.767,-0.0016,-52.84,5.079,-0.0153,0.0,0.042,AUTO,-22.56,-0.5,False,7
545,101.867,-0.0016,-82.15,5.088,-0.0153,0.0,0.045,AUTO,0.0,-0.5,False,5
546,101.97,-0.0016,-87.92,5.085,-0.0153,0.0,0.044,AUTO,0.0,-0.5,False,5
547,102.071,-0.0016,-77.75,5.1,-0.0153,0.0,0.048,AUTO,0.0,-0.5,False,5
548,102.169,-0.0016,-59.39,5.107,-0.0153,0.0,0.05,AUTO,0.0,-0.5,False,5
549,102.305,-0.0016,-39.05,5.118,-0.0153,0.0,0.054,AUTO,0.0,-0.5,False,4
550,102.44,-0.0016,-20.88,5.109,-0.0153,0.0,0.051,AUTO,0.0,-0.5,False,5
551,102.569,-0.0016,-6.99,5.101,-0.0153,0.0,0.049,AUTO,0.0,-0.5,False,4
552,102.703,-0.0016,2.06,5.106,-0.0153,0.0,0.05,AUTO,0.0,-0.5,False,3
553,102.802,-0.0016,6.8,5.102,-0.0153,0.0,0.049,AUTO,0.0,-0.5,False,4
554,102.9,-0.0016,8.25,5.093,-0.0153,0.0,0.046,AUTO,0.0,-0.5,False,3
555,103.0,-0.0016,7.58,5.085,-0.0153,0.0,0.044,AUTO,0.0,-0.5,False,5
556,103.103,-0.0016,5.81,5.067,-0.0153,0.0,0.039,AUTO,0.0,-0.5,False,2
557,103.199,-0.0016,3.74,5.067,-0.0153,0.0,0.039,AUTO,0.0,-0.5,False,3
558,103.299,-0.0016,1.87,5.05,-0.0153,0.0,0.033,AUTO,0.0,-0.5,False,5
559,103.436,-0.0016,0.46,5.044,-0.0153,0.0,0.032,AUTO,0.0,-0.5,False,5
560,103.532,-0.0016,-0.45,5.017,-0.0153,0.0,0.024,AUTO,0.0,-0.5,False,5
561,103.638,-0.0016,-0.89,5.013,-0.0153,0.0,0.022,AUTO,0.0,-0.5,False,5
562,103.741,-0.0016,-0.99,4.999,-0.0153,0.0,0.018,AUTO,0.0,-0.5,False,5
563,103.868,-0.0016,-0.87,4.981,-0.0153,0.0,0.013,AUTO,0.0,-0.5,False,5
564,104.004,-0.0016,-0.65,4.961,-0.0153,0.0,0.007,AUTO,0.0,-0.5,False,5
565,104.1,-0.0016,-0.41,4.913,-0.0153,0.008,0.0,AUTO,0.0,-0.5,False,7
566,104.201,-0.0016,-0.19,4.859,-0.0153,0.024,0.0,AUTO,0.0,-0.5,False,4
567,104.301,-0.0859,36.93,4.796,-0.0153,0.043,0.0,AUTO,-7.88,-27.5,False,10
568,104.402,-0.0016,168.51,4.701,-0.0153,0.071,0.0,AUTO,0.0,-0.5,False,2
569,104.5,-0.0125,159.34,4.62,-0.0145,0.0,0.793,AUTO,0.0,0.0,True,0
570,104.602,-0.0038,152.0,4.346,-0.0138,0.0,0.71,AUTO,0.0,0.0,True,0
571,104.704,1.3234,32.48,3.57,1.0,0.0,0.171,AUTO,-9.12,423.5,False,13
572,104.806,1.7078,-148.86,3.076,1.0,0.0,0.023,AUTO,-50.14,546.5,False,13
573,104.902,1.7578,82.91,2.936,1.0,0.019,0.0,AUTO,-74.01,562.5,False,13
574,105.001,1.7172,-88.21,2.876,1.0,0.037,0.0,AUTO,-73.87,549.5,False,13
575,105.106,1.3922,9.35,2.792,1.0,0.062,0.0,AUTO,-70.6,445.5,False,13
576,105.204,1.1141,123.18,2.736,1.0,0.079,0.0,AUTO,-65.26,356.5,False,13
577,105.302,1.2328,-112.56,2.79,1.0,0.063,0.0,AUTO,-66.16,394.5,False,13
578,105.402,1.1984,20.83,2.843,1.0,0.047,0.0,AUTO,-68.03,383.5,False,13
579,105.501,1.2984,-86.63,2.922,1.0,0.023,0.0,AUTO,-49.25,415.5,False,13
580,105.602,0.9203,71.89,2.98,1.0,0.006,0.0,AUTO,-2.83,294.5,False,13
581,105.705,0.6609,141.76,3.025,1.0,0.0,0.007,AUTO,8.43,211.5,False,13
582,105.803,-0.0016,174.13,3.091,0.8995,0.0,0.027,AUTO,54.84,-0.5,False,10
583,105.9,-0.0016,-149.58,3.113,-0.0153,0.548,0.0,AUTO,-22.17,-0.5,False,8
584,106.036,-0.0016,-0.98,3.186,-0.0153,0.526,0.0,AUTO,9.81,-0.5,False,9
585,106.134,-0.0016,-137.73,3.415,-0.0153,0.457,0.0,AUTO,0.0,-0.5,False,6
586,106.235,-0.0016,-5.09,3.707,-0.0153,0.37,0.0,AUTO,0.0,-0.5,False,6
587,106.367,-0.0016,-77.21,4.017,-0.0153,0.276,0.0,AUTO,0.0,-0.5,False,6
588,106.469,-0.0016,-32.37,4.472,-0.0153,0.14,0.0,AUTO,-4.94,-0.5,False,8
589,106.566,-0.0016,81.12,4.741,-0.0153,0.059,0.0,AUTO,-7.73,-0.5,False,8
590,106.703,-0.0016,-126.27,4.899,-0.0153,0.012,0.0,AUTO,-21.56,-0.5,False,8
591,106.836,-0.0016,91.67,4.99,-0.0153,0.0,0.015,AUTO,0.0,-0.5,False,6
592,106.973,-0.0016,-41.38,4.96,-0.0153,0.0,0.006,AUTO,0.0,-0.5,False,4
593,107.101,-0.0016,-132.25,4.882,-0.0153,0.017,0.0,AUTO,0.0,-0.5,False,7
594,107.204,-0.0016,171.03,4.85,-0.0153,0.027,0.0,AUTO,0.0,-0.5,False,2
595,107.3,-0.0016,84.02,4.803,-0.0153,0.041,0.0,AUTO,0.0,-0.5,False,4
596,107.434,-0.0016,4.14,4.774,-0.0153,0.049,0.0,AUTO,0.0,-0.5,False,0
597,107.534,-0.0016,-51.76,4.731,-0.0153,0.062,0.0,AUTO,0.0,-0.5,False,1
598,107.634,-0.0016,-80.41,4.72,-0.0153,0.066,0.0,AUTO,0.0,-0.5,False,0
599,107.77,-0.0016,-86.1,4.735,-0.0153,0.061,0.0,AUTO,0.0,-0.5,False,0
600,107.902,-0.0016,-76.21,4.737,-0.0153,0.061,0.0,AUTO,0.0,-0.5,False,1
601,108.0,-0.0016,-58.27,4.703,-0.0153,0.071,0.0,AUTO,0.0,-0.5,False,1
602,108.103,-0.0016,-38.38,4.708,-0.0153,0.069,0.0,AUTO,0.0,-0.5,False,2
603,108.204,-0.0016,-20.58,4.692,-0.0153,0.074,0.0,AUTO,0.0,-0.5,False,2
604,108.337,-0.0016,-6.97,4.678,-0.0153,0.078,0.0,AUTO,0.0,-0.5,False,3
605,108.434,-0.0016,1.93,4.66,-0.0153,0.084,0.0,AUTO,0.0,-0.5,False,4
606,108.534,-0.0016,6.6,4.691,-0.0153,0.074,0.0,AUTO,0.0,-0.5,False,5
607,108.636,-0.0016,8.05,4.699,-0.0153,0.072,0.0,AUTO,0.0,-0.5,False,5
608,108.738,-0.0016,7.41,4.739,-0.0153,0.06,0.0,AUTO,0.0,-0.5,False,5
609,108.87,-0.0016,5.69,4.697,-0.0153,0.073,0.0,AUTO,0.0,-0.5,False,6
610,108.97,-0.0016,3.67,4.603,-0.0153,0.101,0.0,AUTO,0.0,-0.5,False,6
611,109.104,-0.0016,3.56,4.557,-0.2177,0.0,0.128,AUTO,42.3,-0.5,False,9
612,109.235,1.2078,-55.4,4.365,1.0,0.0,0.41,AUTO,-66.66,386.5,False,13
613,109.334,1.4766,6.54,4.009,1.0,0.0,0.303,AUTO,-66.57,472.5,False,13
614,109.467,1.6141,-165.54,3.69,1.0,0.0,0.207,AUTO,-69.74,516.5,False,13
615,109.568,1.3516,-163.89,3.247,1.0,0.0,0.614,AUTO,0.0,0.0,True,0
616,109.668,1.3427,53.43,2.796,1.0,0.0,0.479,AUTO,0.0,0.0,True,0
617,109.768,1.3456,155.29,2.122,1.0,0.0,0.277,AUTO,0.0,0.0,True,0
618,109.901,1.354,164.77,1.781,1.0,0.0,0.174,AUTO,0.0,0.0,True,0
619,110.005,1.363,100.36,1.426,1.0,0.0,0.068,AUTO,0.0,0.0,True,0
620,110.102,1.3685,-23.17,1.138,1.0,0.018,0.0,AUTO,0.0,0.0,True,0
621,110.201,1.3672,166.0,0.979,1.0,0.066,0.0,AUTO,0.0,0.0,True,0
622,110.302,1.3763,-42.66,0.892,1.0,0.092,0.0,AUTO,0.0,0.0,True,0
623,110.403,1.374,78.42,0.879,1.0,0.096,0.0,AUTO,0.0,0.0,True,0
624,110.536,1.3782,175.28,0.903,1.0,0.089,0.0,AUTO,0.0,0.0,True,0
625,110.633,1.3878,-107.24,0.962,1.0,0.071,0.0,AUTO,0.0,0.0,True,0
626,110.736,1.382,-45.25,1.006,1.0,0.058,0.0,AUTO,0.0,0.0,True,0
627,110.835,1.3795,4.34,1.036,1.0,0.049,0.0,AUTO,0.0,0.0,True,0
628,110.935,1.3797,44.02,1.005,1.0,0.059,0.0,AUTO,0.0,0.0,True,0
629,111.034,-0.0016,-14.88,0.953,-0.0153,0.6,0.0,AUTO,69.79,-0.5,False,9
630,111.136,0.0052,5.62,0.959,-0.0145,0.305,0.0,AUTO,0.0,0.0,True,0
631,111.234,0.5453,38.24,1.151,1.0,0.555,0.0,AUTO,31.17,174.5,False,13
632,111.37,0.4828,106.08,1.456,1.0,0.463,0.0,AUTO,43.65,154.5,False,12
633,111.47,-0.0016,69.84,1.79,-0.0153,0.6,0.0,AUTO,25.13,-0.5,False,8
634,111.605,-0.0016,-49.69,2.045,-0.0153,0.6,0.0,AUTO,0.0,-0.5,False,6
635,111.737,-0.0016,-104.96,2.442,-0.0153,0.6,0.0,AUTO,0.0,-0.5,False,5
636,111.837,-0.0016,24.28,2.918,-0.0153,0.6,0.0,AUTO,0.0,-0.5,False,6
637,111.935,-0.0016,-123.04,3.198,-0.0153,0.522,0.0,AUTO,21.8,-0.5,False,6
638,112.071,-0.0001,163.75,3.397,-0.0145,0.0,0.426,AUTO,0.0,0.0,True,0
639,112.167,-0.0016,53.36,3.376,-0.0153,0.469,0.0,AUTO,0.0,-0.5,False,6
640,112.305,-0.0016,-20.25,3.283,-0.0153,0.497,0.0,AUTO,0.0,-0.5,False,3
641,112.441,-0.0016,-65.8,3.588,-0.0153,0.405,0.0,AUTO,0.0,-0.5,False,3
642,112.573,-0.0016,-85.31,3.939,-0.0227,0.291,0.0,AUTO,0.0,-0.5,False,2
643,112.67,0.2328,104.21,4.111,1.0,0.0,0.333,AUTO,53.86,74.5,False,11
644,112.767,0.4453,-35.9,4.113,1.0,0.0,0.334,AUTO,47.92,142.5,False,12
645,112.866,0.6203,-47.92,3.849,1.0,0.0,0.255,AUTO,35.87,198.5,False,11
646,112.968,0.4633,-153.4,3.435,1.0,0.0,0.671,AUTO,0.0,0.0,True,0
647,113.071,0.9328,44.29,2.941,1.0,0.018,0.0,AUTO,4.4,298.5,False,11
648,113.171,0.9078,112.55,2.551,1.0,0.135,0.0,AUTO,28.98,290.5,False,11
649,113.267,1.0641,87.9,2.497,1.0,0.151,0.0,AUTO,-5.27,340.5,False,11
650,113.402,0.5703,-61.6,2.546,1.0,0.136,0.0,AUTO,14.66,182.5,False,11
651,113.501,-0.0422,-166.14,2.623,-0.5825,0.113,0.0,AUTO,71.57,-13.5,False,11
652,113.603,0.1453,10.44,2.636,1.0,0.109,0.0,AUTO,65.1,46.5,False,11
653,113.701,0.2141,70.06,2.795,1.0,0.061,0.0,AUTO,52.59,68.5,False,11
654,113.802,-0.0922,92.67,2.863,-1.0,0.041,0.0,AUTO,68.14,-29.5,False,11
655,113.9,-0.1172,-148.72,2.83,1.0,0.051,0.0,AUTO,67.25,-37.5,False,11
656,114.0,-0.0016,81.2,2.966,-0.0227,0.583,0.0,AUTO,-24.04,-0.5,False,7
657,114.1,-0.0016,-70.92,2.994,-0.0227,0.574,0.0,AUTO,0.0,-0.5,False,5
658,114.204,-0.0016,160.31,3.178,-0.0227,0.519,0.0,AUTO,0.0,-0.5,False,5
659,114.304,-0.0016,17.7,3.404,-0.0227,0.452,0.0,AUTO,0.0,-0.5,False,3
660,114.435,-0.0016,-92.28,3.775,-0.0227,0.34,0.0,AUTO,0.0,-0.5,False,4
661,114.539,-0.0016,-154.46,4.204,-0.0227,0.212,0.0,AUTO,0.0,-0.5,False,4
662,114.638,-0.0016,173.22,4.496,-0.0227,0.124,0.0,AUTO,0.0,-0.5,False,2
663,114.767,-0.0016,102.28,4.694,-0.0227,0.065,0.0,AUTO,0.0,-0.5,False,2
664,114.867,-0.0016,29.92,4.872,-0.0227,0.011,0.0,AUTO,0.0,-0.5,False,2
665,115.0,-0.0016,-25.31,4.928,-0.0227,0.0,0.006,AUTO,0.0,-0.5,False,1
666,115.136,-0.0016,-57.72,4.901,-0.0227,0.003,0.0,AUTO,0.0,-0.5,False,2
667,115.3,-0.0016,-69.26,4.821,-0.0227,0.026,0.0,AUTO,0.0,-0.5,False,1
668,115.433,-0.0016,-65.52,4.759,-0.0227,0.045,0.0,AUTO,0.0,-0.5,False,0
669,115.57,-0.0016,-52.9,4.679,-0.0227,0.069,0.0,AUTO,0.0,-0.5,False,1
670,115.702,-0.0016,-36.95,4.657,-0.0227,0.076,0.0,AUTO,0.0,-0.5,False,1
671,115.836,-0.0016,-21.63,4.666,-0.0153,0.082,0.0,AUTO,0.0,-0.5,False,0
672,115.937,-0.0016,-9.22,4.675,-0.0153,0.079,0.0,AUTO,0.0,-0.5,False,1
673,116.067,-0.0016,-0.6,4.71,-0.0153,0.069,0.0,AUTO,0.0,-0.5,False,0
674,116.167,-0.0016,4.37,4.7,-0.0153,0.072,0.0,AUTO,0.0,-0.5,False,2
675,116.303,-0.0016,6.4,4.692,-0.0153,0.074,0.0,AUTO,0.0,-0.5,False,0
676,116.436,-0.0016,6.39,4.691,-0.0153,0.074,0.0,AUTO,0.0,-0.5,False,4
677,116.57,0.0984,29.9,4.681,1.0,0.0,0.504,AUTO,54.37,31.5,False,12
678,116.666,-0.0016,-142.23,4.484,1.0,0.0,0.445,AUTO,60.3,-0.5,False,11
679,116.766,0.5109,-34.68,3.929,1.0,0.0,0.279,AUTO,31.17,163.5,False,13
680,116.867,0.3953,-112.77,3.387,1.0,0.0,0.116,AUTO,36.07,126.5,False,13
681,116.966,-0.0922,-103.14,3.013,-0.8129,0.0,0.004,AUTO,66.24,-29.5,False,13
682,117.066,-0.0016,-135.99,2.909,1.0,0.027,0.0,AUTO,45.0,-0.5,False,11
683,117.167,-0.0016,19.21,2.964,0.0153,0.593,0.0,AUTO,23.96,-0.5,False,9
684,117.265,-0.0016,-104.57,2.947,-0.0153,0.598,0.0,AUTO,0.0,-0.5,False,6
685,117.4,-0.0016,-158.32,2.976,-0.0153,0.589,0.0,AUTO,0.0,-0.5,False,4
686,117.501,-0.0016,-176.32,3.149,-0.0153,0.537,0.0,AUTO,0.0,-0.5,False,5
687,117.634,-0.0016,-160.34,3.169,-0.0153,0.531,0.0,AUTO,0.0,-0.5,False,6
688,117.802,-0.0016,-115.59,3.083,-0.0153,0.557,0.0,AUTO,-59.44,-0.5,False,8
689,117.902,-0.0016,-69.78,2.857,-0.4033,0.159,0.0,AUTO,-39.25,-0.5,False,10
690,118.001,-0.0016,-31.13,2.709,1.0,0.087,0.0,AUTO,-21.01,-0.5,False,11
691,118.101,-0.0953,-1.57,2.643,0.8021,0.107,0.0,AUTO,0.44,-30.5,False,13
692,118.202,-0.0016,172.43,2.601,0.3292,0.324,0.0,AUTO,36.87,-0.5,False,10
693,118.304,-0.0016,-138.43,2.585,1.0,0.124,0.0,AUTO,37.51,-0.5,False,11
694,118.402,-0.0016,-72.1,2.62,1.0,0.114,0.0,AUTO,42.63,-0.5,False,12
695,118.536,-0.0984,-29.24,2.677,1.0,0.097,0.0,AUTO,50.37,-31.5,False,13
696,118.635,-0.0609,-56.48,2.719,1.0,0.084,0.0,AUTO,51.08,-19.5,False,13
697,118.739,0.0391,-40.77,2.865,1.0,0.041,0.0,AUTO,48.28,12.5,False,13
698,118.837,-0.0111,-18.04,3.163,1.0,0.0,0.589,AUTO,0.0,0.0,True,0
699,118.936,1.0859,-91.26,2.808,1.0,0.058,0.0,AUTO,-66.13,347.5,False,13
700,119.071,0.7456,-23.65,2.637,1.0,0.0,0.431,AUTO,0.0,0.0,True,0
701,119.167,0.5859,-12.82,2.878,1.0,0.037,0.0,AUTO,-45.07,187.5,False,13
702,119.268,0.629,-153.58,2.798,1.0,0.0,0.479,AUTO,0.0,0.0,True,0
703,119.367,0.6206,21.81,2.39,1.0,0.0,0.357,AUTO,0.0,0.0,True,0
704,119.467,-0.1172,142.51,1.699,1.0,0.39,0.0,AUTO,70.6,-37.5,False,13
705,119.604,0.6391,109.29,1.465,1.0,0.46,0.0,AUTO,32.2,204.5,False,13
706,119.735,0.5859,-158.41,1.692,1.0,0.392,0.0,AUTO,-61.71,187.5,False,13
707,119.87,-0.1047,171.65,1.96,0.5944,0.312,0.0,AUTO,71.77,-33.5,False,13
708,119.966,0.2203,-141.38,2.202,1.0,0.239,0.0,AUTO,63.29,70.5,False,11
709,120.104,0.3328,-33.39,2.491,1.0,0.153,0.0,AUTO,51.93,106.5,False,9
710,120.236,0.0359,153.8,2.738,0.0765,0.587,0.0,AUTO,56.45,11.5,False,11
711,120.368,-0.0891,-139.01,2.705,1.0,0.089,0.0,AUTO,58.72,-28.5,False,10
712,120.505,-0.0016,-8.93,2.962,-0.0153,0.593,0.0,AUTO,-8.75,-0.5,False,6
713,120.632,-0.0016,-166.24,3.094,-0.0153,0.553,0.0,AUTO,0.0,-0.5,False,5
714,120.768,-0.0016,101.6,3.368,-0.0153,0.471,0.0,AUTO,0.0,-0.5,False,5
715,120.866,-0.0016,4.51,3.871,-0.0153,0.32,0.0,AUTO,0.0,-0.5,False,4
716,120.971,-0.0016,-68.24,4.286,-0.0153,0.196,0.0,AUTO,0.0,-0.5,False,4
717,121.069,-0.0016,-107.9,4.604,-0.0153,0.1,0.0,AUTO,0.0,-0.5,False,5
718,121.17,-0.0016,-117.67,4.815,-0.0153,0.037,0.0,AUTO,0.0,-0.5,False,5
719,121.268,-0.0016,-106.13,4.926,-0.0153,0.004,0.0,AUTO,0.0,-0.5,False,5
720,121.367,-0.0016,-82.92,4.963,-0.0153,0.0,0.007,AUTO,0.0,-0.5,False,3
721,121.471,-0.0016,-56.21,4.926,-0.0153,0.004,0.0,AUTO,0.0,-0.5,False,2
722,121.569,-0.0016,-31.7,4.879,-0.0153,0.018,0.0,AUTO,0.0,-0.5,False,2
723,121.668,-0.0016,-12.46,4.819,-0.0153,0.036,0.0,AUTO,0.0,-0.5,False,4
724,121.768,-0.0016,0.51,4.742,-0.0153,0.059,0.0,AUTO,0.0,-0.5,False,3
725,121.866,-0.0016,7.7,4.676,-0.0153,0.079,0.0,AUTO,0.0,-0.5,False,4
726,121.97,-0.0016,10.34,4.635,-0.0153,0.091,0.0,AUTO,0.0,-0.5,False,4
727,122.102,-0.0016,9.95,4.619,-0.0153,0.096,0.0,AUTO,0.0,-0.5,False,3
728,122.205,-0.0016,7.91,4.588,-0.0153,0.105,0.0,AUTO,0.0,-0.5,False,4
729,122.303,-0.0016,5.29,4.583,-0.0227,0.098,0.0,AUTO,0.0,-0.5,False,3
730,122.401,-0.0016,2.82,4.55,-0.0227,0.108,0.0,AUTO,0.0,-0.5,False,3
731,122.537,-0.0016,0.89,4.53,-0.0227,0.114,0.0,AUTO,0.0,-0.5,False,2
732,122.634,-0.0016,-0.39,4.493,-0.0227,0.125,0.0,AUTO,0.0,-0.5,False,1
733,122.737,-0.0016,-1.07,4.452,-0.0227,0.137,0.0,AUTO,0.0,-0.5,False,1
734,122.837,-0.0016,-1.27,4.417,-0.0227,0.148,0.0,AUTO,0.0,-0.5,False,1
735,122.937,-0.0016,-1.16,4.398,-0.0227,0.153,0.0,AUTO,0.0,-0.5,False,1
736,123.038,-0.0016,-0.89,4.389,-0.0227,0.156,0.0,AUTO,0.0,-0.5,False,1
737,123.135,-0.0016,-0.58,4.368,-0.0227,0.162,0.0,AUTO,0.0,-0.5,False,1
738,123.234,-0.0016,-0.3,4.35,-0.0227,0.168,0.0,AUTO,0.0,-0.5,False,0
739,123.334,-0.0016,-0.08,4.348,-0.0227,0.168,0.0,AUTO,0.0,-0.5,False,0
740,123.434,-0.0016,0.06,4.346,-0.0227,0.169,0.0,AUTO,0.0,-0.5,False,0
741,123.537,-0.0016,0.13,4.352,-0.0227,0.167,0.0,AUTO,0.0,-0.5,False,0
742,123.638,-0.0016,0.14,4.352,-0.0227,0.167,0.0,AUTO,0.0,-0.5,False,0
743,123.736,-0.0016,0.13,4.356,-0.0227,0.166,0.0,AUTO,0.0,-0.5,False,0
744,123.833,-0.0016,0.1,4.362,-0.0227,0.164,0.0,AUTO,0.0,-0.5,False,1
745,123.934,-0.0016,0.06,4.369,-0.0227,0.162,0.0,AUTO,0.0,-0.5,False,1
746,124.069,-0.0016,0.03,4.375,-0.0227,0.16,0.0,AUTO,0.0,-0.5,False,1
747,124.168,-0.0016,0.01,4.385,-0.0227,0.157,0.0,AUTO,0.0,-0.5,False,1
748,124.27,-0.0016,-0.01,4.395,-0.0227,0.154,0.0,AUTO,0.0,-0.5,False,2
749,124.37,-0.0016,-0.02,4.408,-0.0227,0.15,0.0,AUTO,0.0,-0.5,False,2
750,124.47,-0.0016,-0.02,4.42,-0.0227,0.147,0.0,AUTO,0.0,-0.5,False,2
751,124.568,-0.0016,-0.01,4.446,-0.0227,0.139,0.0,AUTO,0.0,-0.5,False,2
752,124.667,-0.0016,-0.01,4.465,-0.0227,0.133,0.0,AUTO,0.0,-0.5,False,2
753,124.767,-0.0016,-0.01,4.476,-0.0227,0.13,0.0,AUTO,0.0,-0.5,False,4
754,124.868,-0.0016,-0.0,4.491,-0.0227,0.125,0.0,AUTO,0.0,-0.5,False,3
755,124.968,-0.0016,-0.0,4.518,-0.0227,0.117,0.0,AUTO,0.0,-0.5,False,3
756,125.067,-0.0016,0.0,4.553,-0.0227,0.107,0.0,AUTO,0.0,-0.5,False,3
757,125.202,-0.0016,0.0,4.578,-0.0227,0.099,0.0,AUTO,0.0,-0.5,False,3
758,125.301,-0.0016,0.0,4.603,-0.0227,0.092,0.0,AUTO,0.0,-0.5,False,3
759,125.402,-0.0016,1.0,4.633,-0.0227,0.083,0.0,AUTO,24.78,-0.5,False,6
760,125.504,-0.0015,1.19,4.655,-0.0216,0.0,0.8,AUTO,0.0,0.0,True,0
761,125.605,-0.0016,1.81,4.385,-0.0227,0.157,0.0,AUTO,30.96,-0.5,False,5
762,125.702,-0.0016,-0.19,3.981,0.2917,0.0,0.044,AUTO,-32.24,-0.5,False,8
763,125.8,-0.0016,-2.7,4.038,0.3781,0.0,0.165,AUTO,-56.98,-0.5,False,9
764,125.933,-0.0016,-4.32,3.842,-0.4621,0.0,0.207,AUTO,-53.55,-0.5,False,9
765,126.034,-0.3016,-84.43,3.429,-1.0,0.0,0.129,AUTO,-58.48,-96.5,False,10
766,126.168,-0.4203,-95.91,3.252,-1.0,0.0,0.076,AUTO,-37.57,-134.5,False,10
767,126.268,-0.8359,-165.1,3.133,-1.0,0.0,0.04,AUTO,-29.65,-267.5,False,10
768,126.37,-0.8484,-28.82,3.065,-1.0,0.0,0.02,AUTO,-22.56,-271.5,False,10
769,126.468,-1.0109,-24.3,3.036,-1.0,0.0,0.011,AUTO,-52.59,-323.5,False,10
770,126.569,-0.9359,90.92,3.022,-1.0,0.0,0.007,AUTO,-36.44,-299.5,False,10
771,126.669,-0.9266,26.16,3.027,-1.0,0.0,0.008,AUTO,-55.62,-296.5,False,10
772,126.77,-1.4297,-61.16,2.998,-1.0,0.001,0.0,AUTO,41.74,-457.5,False,10
773,126.872,-1.3734,-86.19,2.984,-1.0,0.005,0.0,AUTO,31.61,-439.5,False,10
774,126.969,-0.9859,-28.52,2.945,-1.0,0.016,0.0,AUTO,-44.1,-315.5,False,9
775,127.067,-1.3016,-165.0,2.936,-1.0,0.019,0.0,AUTO,37.01,-416.5,False,9
776,127.203,-0.7984,-178.3,2.919,-1.0,0.024,0.0,AUTO,-54.16,-255.5,False,9
777,127.336,-0.0016,70.95,2.888,-0.0681,0.552,0.0,AUTO,-65.1,-0.5,False,5
778,127.434,0.1141,150.91,2.877,-1.0,0.037,0.0,AUTO,-62.15,36.5,False,9
779,127.538,-0.0016,162.13,2.828,-0.0227,0.6,0.0,AUTO,21.8,-0.5,False,5
780,127.637,-0.0016,143.18,2.861,0.8976,0.042,0.0,AUTO,-38.12,-0.5,False,7
781,127.735,0.0922,-100.92,2.927,-0.5431,0.022,0.0,AUTO,-52.59,29.5,False,8
782,127.867,-0.0016,127.78,2.887,-0.0227,0.6,0.0,AUTO,20.27,-0.5,False,5
783,128.003,-0.0016,-50.78,2.903,-0.0227,0.6,0.0,AUTO,27.61,-0.5,False,5
784,128.136,-0.0016,120.7,3.027,-0.0227,0.565,0.0,AUTO,28.98,-0.5,False,5
785,128.235,-0.0016,-111.93,3.242,-0.0227,0.5,0.0,AUTO,17.9,-0.5,False,5
786,128.339,-0.0016,18.48,3.509,-0.0227,0.42,0.0,AUTO,-1.76,-0.5,False,5
787,128.437,-0.0016,114.17,3.834,-0.0227,0.323,0.0,AUTO,12.15,-0.5,False,6
788,128.535,-0.0016,177.61,4.152,-0.0227,0.227,0.0,AUTO,0.0,-0.5,False,4
789,128.67,-0.0016,-163.9,4.445,-0.0227,0.139,0.0,AUTO,0.0,-0.5,False,4
790,128.766,-0.0016,-102.63,4.74,-0.0227,0.051,0.0,AUTO,0.0,-0.5,False,3
791,128.867,-0.0016,-35.8,4.88,-0.0227,0.009,0.0,AUTO,0.0,-0.5,False,4
792,129.003,-0.0016,17.28,4.934,-0.0227,0.0,0.008,AUTO,0.0,-0.5,False,3
793,129.137,-0.0016,49.87,4.908,-0.0227,0.0,0.0,AUTO,0.0,-0.5,False,3
794,129.237,-0.0016,62.91,4.841,-0.0227,0.02,0.0,AUTO,0.0,-0.5,False,3
795,129.338,-0.0016,61.16,4.784,-0.0227,0.038,0.0,AUTO,0.0,-0.5,False,3
796,129.468,-0.0016,50.46,4.729,-0.0227,0.054,0.0,AUTO,0.0,-0.5,False,3
797,129.568,-0.0016,36.05,4.686,-0.0227,0.067,0.0,AUTO,0.0,-0.5,False,3
798,129.671,-0.0016,21.78,4.684,-0.0227,0.068,0.0,AUTO,0.0,-0.5,False,3
799,129.802,-0.0016,9.95,4.688,-0.0227,0.066,0.0,AUTO,0.0,-0.5,False,2
800,129.902,-0.0016,1.53,4.728,-0.0227,0.054,0.0,AUTO,0.0,-0.5,False,3
801,129.999,-0.0016,-3.49,4.742,-0.0227,0.05,0.0,AUTO,0.0,-0.5,False,3
802,130.138,-0.0016,-5.7,4.75,-0.0227,0.048,0.0,AUTO,0.0,-0.5,False,3
803,130.234,-0.0016,-5.92,4.761,-0.0227,0.044,0.0,AUTO,0.0,-0.5,False,3
804,130.334,-0.0016,-4.97,4.758,-0.0227,0.045,0.0,AUTO,0.0,-0.5,False,3
805,130.436,-0.0016,-3.52,4.76,-0.0227,0.045,0.0,AUTO,0.0,-0.5,False,3
806,130.568,-0.0016,-2.05,4.747,-0.0227,0.049,0.0,AUTO,0.0,-0.5,False,3
807,130.667,-0.0016,-0.83,4.748,-0.0227,0.048,0.0,AUTO,0.0,-0.5,False,3
808,130.8,-0.0016,0.02,4.748,-0.0227,0.048,0.0,AUTO,0.0,-0.5,False,3
809,130.937,-0.0016,0.51,4.743,-0.0227,0.05,0.0,AUTO,0.0,-0.5,False,3
810,131.101,-0.0016,0.71,4.748,-0.0227,0.048,0.0,AUTO,0.0,-0.5,False,4
811,131.234,-0.0016,0.69,4.751,-0.0227,0.047,0.0,AUTO,0.0,-0.5,False,4
812,131.367,-0.0016,0.56,4.752,-0.0227,0.047,0.0,AUTO,0.0,-0.5,False,4
813,131.534,-0.0016,0.39,4.751,-0.0227,0.047,0.0,AUTO,0.0,-0.5,False,3
814,131.701,-0.0016,0.22,4.748,-0.0227,0.048,0.0,AUTO,0.0,-0.5,False,3
815,131.835,-0.0016,0.08,4.748,-0.0227,0.048,0.0,AUTO,0.0,-0.5,False,4
816,131.969,-0.0016,-0.01,4.749,-0.0227,0.048,0.0,AUTO,0.0,-0.5,False,4
817,132.101,-0.0016,-0.06,4.757,-0.0227,0.046,0.0,AUTO,0.0,-0.5,False,4
818,132.236,-0.0016,-0.12,4.764,-0.0227,0.044,0.0,AUTO,-0.88,-0.5,False,4
819,132.333,-0.0016,1.1,4.756,-0.0227,0.046,0.0,AUTO,29.65,-0.5,False,5
820,132.437,-0.0016,0.78,4.76,-0.0227,0.045,0.0,AUTO,0.0,-0.5,False,4
821,132.536,-0.0016,-0.01,4.761,-0.0227,0.044,0.0,AUTO,-12.15,-0.5,False,7
822,132.634,-0.0016,-0.77,4.765,0.2917,0.0,0.279,AUTO,-16.29,-0.5,False,8
823,132.768,-0.0016,-2.03,4.599,0.8662,0.0,0.48,AUTO,-34.7,-0.5,False,8
824,132.904,-0.0016,-2.27,3.934,-0.0227,0.293,0.0,AUTO,-20.27,-0.5,False,6
825,133.037,-0.0016,-3.66,3.5,1.0,0.0,0.15,AUTO,-53.86,-0.5,False,9
826,133.169,-0.0016,-1.25,3.469,1.0,0.0,0.141,AUTO,27.61,-0.5,False,7
827,133.303,-0.0359,-134.63,3.246,-0.503,0.0,0.074,AUTO,-66.43,-11.5,False,10
828,133.4,-0.3984,-123.11,2.985,-1.0,0.005,0.0,AUTO,-45.87,-127.5,False,10
829,133.504,-0.5734,-148.61,2.999,-1.0,0.0,0.0,AUTO,-34.09,-183.5,False,10
830,133.601,-0.4192,-30.62,3.103,-1.0,0.0,0.571,AUTO,0.0,0.0,True,0
831,133.734,-0.8859,-167.56,2.887,-1.0,0.034,0.0,AUTO,-9.61,-283.5,False,10
832,133.835,-1.0359,-120.58,2.398,-1.0,0.181,0.0,AUTO,12.15,-331.5,False,9
833,133.937,-1.0297,-152.79,2.531,-1.0,0.141,0.0,AUTO,-6.15,-329.5,False,10
834,134.071,-0.9766,-66.9,2.629,-1.0,0.111,0.0,AUTO,-28.3,-312.5,False,10
835,134.171,-0.9797,60.56,2.785,-1.0,0.065,0.0,AUTO,-13.83,-313.5,False,9
836,134.304,-0.8734,-86.09,2.875,-1.0,0.038,0.0,AUTO,-28.3,-279.5,False,9
837,134.434,-0.5922,11.58,2.968,-1.0,0.01,0.0,AUTO,-38.12,-189.5,False,9
838,134.533,-0.3234,-133.92,3.017,-1.0,0.0,0.005,AUTO,-54.76,-103.5,False,9
839,134.632,-0.5317,40.73,3.027,-1.0,0.0,0.548,AUTO,0.0,0.0,True,0
840,134.737,-0.5295,-179.55,2.644,-1.0,0.0,0.433,AUTO,0.0,0.0,True,0
841,134.835,-0.0016,-136.45,2.047,-0.6955,0.286,0.0,AUTO,-39.72,-0.5,False,6
842,134.937,-0.0016,154.9,1.876,1.0,0.337,0.0,AUTO,-14.66,-0.5,False,8
843,135.036,-0.0016,166.41,1.945,-0.0227,0.6,0.0,AUTO,-7.88,-0.5,False,5
844,135.138,-0.0016,38.81,2.038,-0.0227,0.6,0.0,AUTO,-24.78,-0.5,False,5
845,135.235,-0.0016,-142.39,2.157,-0.0227,0.6,0.0,AUTO,0.0,-0.5,False,3
846,135.335,-0.0016,24.93,2.405,-0.0227,0.6,0.0,AUTO,12.99,-0.5,False,5
847,135.469,-0.0016,152.23,2.693,-0.0227,0.6,0.0,AUTO,-47.53,-0.5,False,5
848,135.599,0.1016,-108.47,3.155,1.0,0.0,0.046,AUTO,-68.14,32.5,False,9
849,135.702,-0.1297,29.27,3.585,-1.0,0.0,0.176,AUTO,6.15,-41.5,False,9
850,135.84,-0.0016,-152.99,3.555,-0.0227,0.406,0.0,AUTO,24.78,-0.5,False,4
851,135.971,-0.4609,31.87,3.677,-1.0,0.0,0.203,AUTO,-26.21,-147.5,False,9
852,136.072,-0.2734,-167.67,3.66,-1.0,0.0,0.198,AUTO,-47.92,-87.5,False,9
853,136.202,-0.0016,39.5,3.478,-0.0227,0.429,0.0,AUTO,0.0,-0.5,False,3
854,136.3,-0.4734,164.45,3.419,-1.0,0.0,0.126,AUTO,-44.1,-151.5,False,9
855,136.4,-0.3734,127.5,3.353,-1.0,0.0,0.106,AUTO,-30.31,-119.5,False,9
856,136.503,-0.2297,37.42,3.189,-1.0,0.0,0.057,AUTO,-47.92,-73.5,False,9
857,136.6,-0.0016,-50.64,3.171,-0.0227,0.522,0.0,AUTO,0.0,-0.5,False,3
858,136.736,-0.0016,146.37,3.196,-1.0,0.0,0.059,AUTO,-56.17,-0.5,False,7
859,136.868,0.0453,-92.72,3.161,-1.0,0.0,0.048,AUTO,-65.56,14.5,False,9
860,136.969,0.1109,107.0,3.107,-1.0,0.0,0.032,AUTO,-60.09,35.5,False,9
861,137.104,-0.0016,2.83,3.113,1.0,0.0,0.034,AUTO,-38.66,-0.5,False,7
862,137.202,-0.0016,-31.19,3.086,-0.0227,0.547,0.0,AUTO,26.21,-0.5,False,2
863,137.339,-0.0016,-24.52,3.048,-0.0227,0.558,0.0,AUTO,0.0,-0.5,False,2
864,137.434,-0.0016,-3.04,2.977,-0.0227,0.58,0.0,AUTO,0.0,-0.5,False,1
865,137.534,-0.0016,18.08,3.091,-0.0227,0.545,0.0,AUTO,0.0,-0.5,False,2
866,137.634,-0.0016,32.09,3.378,-0.0227,0.459,0.0,AUTO,0.0,-0.5,False,2
867,137.738,-0.0016,37.59,3.684,-0.0227,0.368,0.0,AUTO,0.0,-0.5,False,2
868,137.872,-0.0016,36.0,4.131,-0.0227,0.233,0.0,AUTO,0.0,-0.5,False,0
869,138.035,-0.0016,29.87,4.552,-0.0227,0.107,0.0,AUTO,0.0,-0.5,False,0
870,138.17,-0.0016,21.75,4.857,-0.0227,0.016,0.0,AUTO,0.0,-0.5,False,0
871,138.272,-0.0016,13.66,5.013,-0.0227,0.0,0.031,AUTO,0.0,-0.5,False,0
872,138.405,-0.0016,6.84,5.024,-0.0227,0.0,0.035,AUTO,0.0,-0.5,False,0
873,138.57,-0.0016,1.86,4.892,-0.0227,0.005,0.0,AUTO,0.0,-0.5,False,0
874,138.705,-0.0016,-1.23,4.811,-0.0227,0.03,0.0,AUTO,0.0,-0.5,False,0
875,138.837,-0.0016,-2.73,4.758,-0.0227,0.045,0.0,AUTO,0.0,-0.5,False,0
876,139.001,-0.0016,-3.07,4.676,-0.0227,0.07,0.0,AUTO,0.0,-0.5,False,0
877,139.169,-0.0016,-2.7,4.659,-0.0227,0.075,0.0,AUTO,0.0,-0.5,False,1
878,139.336,-0.0016,-1.98,4.709,-0.0227,0.06,0.0,AUTO,0.0,-0.5,False,1
879,139.468,-0.0016,-1.21,4.749,-0.0227,0.048,0.0,AUTO,0.0,-0.5,False,1
880,139.636,-0.0016,-0.54,4.77,-0.0227,0.042,0.0,AUTO,0.0,-0.5,False,1
881,139.806,-0.0016,-0.06,4.766,-0.0227,0.043,0.0,AUTO,0.0,-0.5,False,1
882,139.905,-0.0016,0.23,4.757,-0.0227,0.046,0.0,AUTO,0.0,-0.5,False,2
883,140.069,-0.0016,0.36,4.756,-0.0227,0.046,0.0,AUTO,0.0,-0.5,False,1
884,140.203,-0.0016,0.37,4.753,-0.0227,0.047,0.0,AUTO,0.0,-0.5,False,3
885,140.337,-0.0016,0.31,4.753,-0.0227,0.047,0.0,AUTO,0.0,-0.5,False,4
886,140.468,-0.0016,0.22,4.768,-0.0227,0.042,0.0,AUTO,0.0,-0.5,False,3
887,140.568,-0.0016,0.13,4.774,-0.0227,0.04,0.0,AUTO,0.0,-0.5,False,3
888,140.703,-0.0016,0.06,4.785,-0.0227,0.037,0.0,AUTO,0.0,-0.5,False,4
889,140.8,-0.0016,0.0,4.788,-0.0227,0.036,0.0,AUTO,0.0,-0.5,False,3
890,140.935,-0.0016,-1.09,4.782,-0.0227,0.038,0.0,AUTO,-26.21,-0.5,False,5
891,141.037,-0.0016,-0.87,4.784,-0.0227,0.037,0.0,AUTO,-1.76,-0.5,False,6
892,141.139,-0.0016,-0.57,4.802,-0.0227,0.032,0.0,AUTO,0.0,-0.5,False,4
893,141.235,-0.0016,-1.36,4.799,-0.0227,0.033,0.0,AUTO,-26.21,-0.5,False,5
894,141.335,-0.0016,-0.86,4.802,-0.0227,0.032,0.0,AUTO,0.0,-0.5,False,3
895,141.439,-0.0016,-0.45,4.813,-0.0227,0.029,0.0,AUTO,0.0,-0.5,False,4
896,141.534,-0.0016,-0.71,4.817,-0.0227,0.028,0.0,AUTO,-13.83,-0.5,False,5
897,141.668,-0.0016,0.13,4.82,-0.0227,0.027,0.0,AUTO,12.15,-0.5,False,6
898,141.767,-0.0016,0.42,4.845,-0.0227,0.019,0.0,AUTO,4.4,-0.5,False,5
899,141.901,-0.0016,1.84,4.842,-0.0227,0.02,0.0,AUTO,35.87,-0.5,False,6
900,142.0,-0.0422,-151.95,4.84,1.0,0.0,0.552,AUTO,51.6,-13.5,False,9
901,142.102,-0.0016,-59.12,4.604,-0.0227,0.092,0.0,AUTO,50.55,-0.5,False,6
902,142.203,-0.1172,-70.92,4.271,-1.0,0.0,0.381,AUTO,68.73,-37.5,False,9
903,142.301,0.2828,-174.48,4.107,1.0,0.0,0.332,AUTO,51.25,90.5,False,9
904,142.434,-0.0016,-113.58,3.803,-1.0,0.0,0.241,AUTO,60.52,-0.5,False,7
905,142.57,0.2984,-166.68,3.337,1.0,0.0,0.101,AUTO,55.9,95.5,False,9
906,142.67,0.5828,109.15,3.171,1.0,0.0,0.051,AUTO,35.29,186.5,False,9
907,142.805,0.7984,114.72,3.095,1.0,0.0,0.028,AUTO,25.5,255.5,False,10
908,142.903,0.9609,-6.31,2.963,1.0,0.011,0.0,AUTO,40.24,307.5,False,9
909,143.035,1.2547,-7.42,2.902,1.0,0.029,0.0,AUTO,-24.78,401.5,False,9
910,143.171,1.3422,-156.19,2.86,1.0,0.042,0.0,AUTO,-53.24,429.5,False,9
911,143.304,0.7109,-41.07,2.846,1.0,0.046,0.0,AUTO,2.64,227.5,False,9
912,143.435,0.3828,-129.42,2.778,1.0,0.067,0.0,AUTO,40.24,122.5,False,9
913,143.568,0.2766,-90.96,2.786,1.0,0.064,0.0,AUTO,54.16,88.5,False,9
914,143.702,0.1203,-28.57,2.79,1.0,0.063,0.0,AUTO,63.61,38.5,False,9
915,143.838,-0.1172,52.65,2.849,-1.0,0.045,0.0,AUTO,67.77,-37.5,False,9
916,144.002,-0.0016,169.54,2.937,-0.0227,0.592,0.0,AUTO,-23.3,-0.5,False,5
917,144.138,-0.0016,82.61,3.052,-0.0227,0.557,0.0,AUTO,0.0,-0.5,False,3
918,144.268,-0.0016,107.96,3.44,-0.0227,0.441,0.0,AUTO,0.0,-0.5,False,3
919,144.402,-0.0016,-161.85,3.755,-0.0227,0.346,0.0,AUTO,0.0,-0.5,False,2
920,144.504,-0.0016,27.62,4.149,-0.0227,0.228,0.0,AUTO,0.0,-0.5,False,2
921,144.635,-0.0016,-109.33,4.45,-0.0227,0.138,0.0,AUTO,0.0,-0.5,False,1
922,144.735,-0.0016,155.78,4.809,-0.0227,0.03,0.0,AUTO,0.0,-0.5,False,1
923,144.868,-0.0016,44.81,4.981,-0.0227,0.0,0.021,AUTO,0.0,-0.5,False,0
924,145.034,-0.0016,-44.78,5.057,-0.0227,0.0,0.045,AUTO,0.0,-0.5,False,0
925,145.203,-0.0016,-99.35,4.972,-0.0227,0.0,0.019,AUTO,0.0,-0.5,False,0
926,145.366,-0.0016,-119.86,4.903,-0.0153,0.011,0.0,AUTO,0.0,-0.5,False,0
927,145.506,-0.0016,-114.52,4.86,-0.0153,0.024,0.0,AUTO,0.0,-0.5,False,0
928,145.67,-0.0016,-93.63,4.797,-0.0153,0.042,0.0,AUTO,0.0,-0.5,False,1
929,145.769,-0.0016,-66.5,4.75,-0.0153,0.057,0.0,AUTO,0.0,-0.5,False,3
930,145.867,-0.0016,-40.0,4.709,-0.0153,0.069,0.0,AUTO,0.0,-0.5,False,3
931,146.001,-0.0016,-18.21,4.688,-0.0153,0.075,0.0,AUTO,0.0,-0.5,False,3
932,146.168,-0.0016,-2.77,4.704,-0.0153,0.071,0.0,AUTO,0.0,-0.5,False,4
933,146.303,-0.0016,6.4,4.683,-0.0153,0.077,0.0,AUTO,0.0,-0.5,False,4
934,146.404,-0.0016,10.41,4.649,-0.0153,0.087,0.0,AUTO,0.0,-0.5,False,5
935,146.499,-0.0016,11.82,4.627,-0.0153,0.093,0.0,AUTO,25.71,-0.5,False,8
936,146.599,-0.0016,10.39,4.606,-0.0153,0.1,0.0,AUTO,15.2,-0.5,False,8
937,146.698,-0.0016,5.78,4.606,-0.0153,0.1,0.0,AUTO,-36.98,-0.5,False,9
938,146.8,-0.0016,1.24,4.603,0.1374,0.0,0.046,AUTO,-46.71,-0.5,False,10
939,146.899,-0.0016,-2.51,4.529,-0.4872,0.0,0.443,AUTO,-53.63,-0.5,False,11
940,146.999,-0.0016,-4.64,4.101,-1.0,0.0,0.33,AUTO,-45.35,-0.5,False,12
941,147.106,-0.0016,-6.08,3.656,-0.0459,0.348,0.0,AUTO,-54.84,-0.5,False,11
942,147.2,-0.0016,-6.75,3.513,-0.999,0.0,0.154,AUTO,-58.07,-0.5,False,11
943,147.301,-0.0016,-6.13,3.427,0.0765,0.38,0.0,AUTO,-42.03,-0.5,False,11
944,147.406,-0.0023,-6.9,3.298,0.0726,0.0,0.424,AUTO,0.0,0.0,True,0
945,147.502,-0.0027,-7.52,3.114,0.069,0.0,0.367,AUTO,0.0,0.0,True,0
946,147.598,-0.0016,-0.4,2.67,-0.0153,0.6,0.0,AUTO,2.64,-0.5,False,8
947,147.7,-0.0016,0.13,2.457,0.7902,0.163,0.0,AUTO,-17.1,-0.5,False,9
948,147.804,-0.0016,0.73,2.553,0.999,0.134,0.0,AUTO,-0.88,-0.5,False,9
949,147.9,-0.0016,0.85,2.594,0.949,0.0,0.418,AUTO,0.0,0.0,True,0
950,148.0,-0.0015,0.95,2.443,0.9016,0.0,0.373,AUTO,0.0,0.0,True,0
951,148.135,-1.4609,93.79,2.049,-1.0,0.285,0.0,AUTO,-8.43,-467.5,False,13
952,148.234,-1.1831,-13.48,1.707,-1.0,0.0,0.152,AUTO,0.0,0.0,True,0
953,148.336,-1.1838,-27.29,1.64,-1.0,0.0,0.132,AUTO,0.0,0.0,True,0
954,148.436,-1.1853,33.66,1.537,-1.0,0.0,0.101,AUTO,0.0,0.0,True,0
955,148.533,-1.1835,154.42,1.44,-1.0,0.0,0.072,AUTO,0.0,0.0,True,0
956,148.667,-1.1751,-36.97,1.388,-1.0,0.0,0.057,AUTO,0.0,0.0,True,0
957,148.766,-1.1771,169.92,1.412,-1.0,0.0,0.064,AUTO,0.0,0.0,True,0
958,148.9,-1.1678,47.43,1.456,-1.0,0.0,0.077,AUTO,0.0,0.0,True,0
959,149.003,-1.1652,-50.56,1.509,-1.0,0.0,0.093,AUTO,0.0,0.0,True,0
960,149.1,-1.168,-128.96,1.508,-1.0,0.0,0.092,AUTO,0.0,0.0,True,0
961,149.2,-1.175,168.33,1.499,-1.0,0.0,0.09,AUTO,0.0,0.0,True,0
962,149.3,-1.1658,118.16,1.506,-1.0,0.0,0.092,AUTO,0.0,0.0,True,0
963,149.401,-1.1594,78.02,1.548,-1.0,0.0,0.104,AUTO,0.0,0.0,True,0
964,149.501,-1.1551,45.91,1.583,-1.0,0.0,0.115,AUTO,0.0,0.0,True,0
965,149.6,-1.1526,20.22,1.604,-1.0,0.0,0.121,AUTO,0.0,0.0,True,0
966,149.736,-1.1515,-0.33,1.595,-1.0,0.0,0.119,AUTO,0.0,0.0,True,0
967,149.87,-1.1515,-16.77,1.646,-0.9682,0.0,0.134,AUTO,0.0,0.0,True,0
968,149.967,-1.1525,-29.92,1.676,-0.9198,0.0,0.143,AUTO,0.0,0.0,True,0
969,150.067,-1.1541,-40.44,1.668,-0.8738,0.0,0.14,AUTO,0.0,0.0,True,0
970,150.169,-1.1563,-48.86,1.706,-0.8301,0.0,0.152,AUTO,0.0,0.0,True,0
971,150.267,-1.159,-55.6,1.667,-0.7886,0.0,0.14,AUTO,0.0,0.0,True,0
972,150.368,-1.162,-60.98,1.666,-0.7492,0.0,0.14,AUTO,0.0,0.0,True,0
973,150.5,-1.1653,-65.29,1.681,-0.7117,0.0,0.144,AUTO,0.0,0.0,True,0
974,150.634,-1.1689,-68.74,1.717,-0.6761,0.0,0.155,AUTO,0.0,0.0,True,0
975,150.738,-1.1726,-71.5,1.739,-0.6423,0.0,0.162,AUTO,0.0,0.0,True,0
976,150.833,-1.1765,-73.71,1.759,-0.6102,0.0,0.168,AUTO,0.0,0.0,True,0
977,150.933,-1.1805,-75.47,1.762,-0.5797,0.0,0.169,AUTO,0.0,0.0,True,0
978,151.038,-1.1847,-76.88,1.725,-0.5507,0.0,0.158,AUTO,0.0,0.0,True,0
979,151.133,-1.1889,-78.01,1.715,-0.5232,0.0,0.154,AUTO,0.0,0.0,True,0
980,151.203,-1.1931,-78.92,1.722,-0.497,0.0,0.155,AUTO,0.0,0.0,True,0
981,151.3,-1.1974,-79.64,1.758,-0.4722,0.0,0.154,AUTO,0.0,0.0,True,0
982,151.365,-1.2018,-80.22,1.754,-0.4486,0.0,0.142,AUTO,0.0,0.0,True,0
983,151.47,-1.2061,-80.68,1.76,-0.4261,0.0,0.133,AUTO,0.0,0.0,True,0
984,151.566,-1.2105,-81.05,1.643,-0.4048,0.0,0.087,AUTO,0.0,0.0,True,0
985,151.67,-1.215,-81.35,1.488,-0.3846,0.0,0.031,AUTO,0.0,0.0,True,0
986,151.768,-1.2194,-81.58,1.435,-0.3654,0.0,0.006,AUTO,0.0,0.0,True,0
987,151.869,-1.2238,-81.77,1.481,-0.3471,0.0,0.011,AUTO,0.0,0.0,True,0
988,151.969,-1.2283,-81.93,1.497,-0.3297,0.0,0.007,AUTO,0.0,0.0,True,0
989,152.068,-1.2328,-82.05,1.509,-0.3133,0.0,0.003,AUTO,0.0,0.0,True,0
990,152.2,-1.2372,-82.14,1.512,-0.2976,0.003,0.0,AUTO,0.0,0.0,True,0
991,152.336,-1.2417,-82.22,1.298,-0.2827,0.075,0.0,AUTO,0.0,0.0,True,0
992,152.435,-1.2462,-82.28,1.068,-0.2686,0.151,0.0,AUTO,0.0,0.0,True,0
993,152.572,-1.2507,-82.33,1.021,-0.2551,0.171,0.0,AUTO,0.0,0.0,True,0
994,152.672,-1.2552,-82.37,0.98,-0.2424,0.19,0.0,AUTO,0.0,0.0,True,0
995,152.771,-1.2597,-82.4,0.999,-0.2303,0.19,0.0,AUTO,0.0,0.0,True,0
996,152.903,-1.2642,-82.43,1.115,-0.2188,0.16,0.0,AUTO,0.0,0.0,True,0
997,153.003,-1.2687,-82.45,1.211,-0.2078,0.137,0.0,AUTO,0.0,0.0,True,0
998,153.101,-1.2732,-82.47,1.357,-0.1974,0.098,0.0,AUTO,0.0,0.0,True,0
999,153.237,-1.2777,-82.48,1.595,-0.1876,0.031,0.0,AUTO,0.0,0.0,True,0
1000,153.371,-1.2822,-82.49,1.692,-0.1782,0.007,0.0,AUTO,0.0,0.0,True,0
1001,153.469,-1.2867,-82.5,1.196,-0.1693,0.16,0.0,AUTO,0.0,0.0,True,0
1002,153.568,-1.2912,-82.51,0.533,-0.1608,0.363,0.0,AUTO,0.0,0.0,True,0
1003,153.667,-1.2957,-82.51,0.131,-0.1528,0.487,0.0,AUTO,0.0,0.0,True,0
1004,153.805,-1.3002,-82.51,0.055,-0.1451,0.514,0.0,AUTO,0.0,0.0,True,0
1005,153.906,-1.3047,-82.52,0.036,-0.1379,0.523,0.0,AUTO,0.0,0.0,True,0
1006,154.003,-1.3092,-82.52,0.037,-0.131,0.526,0.0,AUTO,0.0,0.0,True,0
1007,154.102,-1.3137,-82.52,0.05,-0.1244,0.525,0.0,AUTO,0.0,0.0,True,0
1008,154.171,-1.3182,-82.52,0.014,-0.1182,0.539,0.0,AUTO,0.0,0.0,True,0
1009,154.269,-1.3227,-82.53,0.013,-0.1123,0.542,0.0,AUTO,0.0,0.0,True,0
1010,154.368,-1.3272,-82.53,0.014,-0.1067,0.545,0.0,AUTO,0.0,0.0,True,0
1011,154.437,-1.3317,-82.53,0.016,-0.1013,0.546,0.0,AUTO,0.0,0.0,True,0
1012,154.54,-1.3362,-82.53,0.012,-0.0963,0.55,0.0,AUTO,0.0,0.0,True,0
1013,154.64,-1.3407,-82.53,0.006,-0.0915,0.554,0.0,AUTO,0.0,0.0,True,0
1014,154.736,-1.3452,-82.53,0.025,-0.0869,0.551,0.0,AUTO,0.0,0.0,True,0
1015,154.869,-1.3497,-82.53,0.009,-0.0825,0.558,0.0,AUTO,0.0,0.0,True,0
1016,154.969,-1.3542,-82.53,0.028,-0.0784,0.554,0.0,AUTO,0.0,0.0,True,0
1017,155.07,-1.3587,-82.53,0.015,-0.0745,0.56,0.0,AUTO,0.0,0.0,True,0
1018,155.173,-1.3632,-82.53,0.016,-0.0708,0.561,0.0,AUTO,0.0,0.0,True,0
1019,155.27,-1.3677,-82.53,0.018,-0.0672,0.562,0.0,AUTO,0.0,0.0,True,0
1020,155.368,-1.3722,-82.53,0.014,-0.0639,0.565,0.0,AUTO,0.0,0.0,True,0
1021,155.47,-1.3767,-82.53,0.018,-0.0607,0.566,0.0,AUTO,0.0,0.0,True,0
1022,155.569,-1.3812,-82.53,0.02,-0.0576,0.566,0.0,AUTO,0.0,0.0,True,0
1023,155.669,-1.3857,-82.53,0.014,-0.0548,0.569,0.0,AUTO,0.0,0.0,True,0
1024,155.802,-1.3902,-82.53,0.014,-0.052,0.571,0.0,AUTO,0.0,0.0,True,0
1025,155.906,-1.3947,-82.53,0.017,-0.0494,0.571,0.0,AUTO,0.0,0.0,True,0
1026,156.004,-1.3992,-82.53,0.011,-0.047,0.574,0.0,AUTO,0.0,0.0,True,0
1027,156.102,-1.4037,-82.53,0.014,-0.0446,0.574,0.0,AUTO,0.0,0.0,True,0
1028,156.171,-1.4082,-82.53,0.028,-0.0424,0.571,0.0,AUTO,0.0,0.0,True,0
1029,156.272,-1.4127,-82.53,0.02,-0.0403,0.575,0.0,AUTO,0.0,0.0,True,0
1030,156.372,-1.4172,-82.53,0.023,-0.0382,0.575,0.0,AUTO,0.0,0.0,True,0
1031,156.47,-1.4217,-82.53,0.027,-0.0363,0.574,0.0,AUTO,0.0,0.0,True,0
1032,156.571,-1.4262,-82.53,0.032,-0.0345,0.574,0.0,AUTO,0.0,0.0,True,0
1033,156.671,-1.4307,-82.53,0.071,-0.0328,0.563,0.0,AUTO,0.0,0.0,True,0
1034,156.772,-1.4352,-82.53,0.132,-0.0312,0.545,0.0,AUTO,0.0,0.0,True,0
1035,156.871,-1.4397,-82.53,0.238,-0.0296,0.514,0.0,AUTO,0.0,0.0,True,0
1036,156.971,-1.4442,-82.53,0.353,-0.0281,0.481,0.0,AUTO,0.0,0.0,True,0
1037,157.069,-1.4487,-82.53,0.622,-0.0267,0.4,0.0,AUTO,0.0,0.0,True,0
1038,157.173,-1.4532,-82.53,0.795,-0.0254,0.349,0.0,AUTO,0.0,0.0,True,0
1039,157.274,-1.4577,-82.53,0.975,-0.0241,0.296,0.0,AUTO,0.0,0.0,True,0
1040,157.371,-1.4622,-82.53,1.201,-0.0229,0.229,0.0,AUTO,0.0,0.0,True,0
1041,157.504,-1.4667,-82.53,1.495,-0.0218,0.141,0.0,AUTO,0.0,0.0,True,0
1042,157.606,-1.4712,-82.53,1.84,-0.0207,0.038,0.0,AUTO,0.0,0.0,True,0
1043,157.709,-1.4757,-82.53,2.008,-0.0196,0.0,0.012,AUTO,0.0,0.0,True,0
1044,157.806,-1.4802,-82.53,2.126,-0.0187,0.0,0.047,AUTO,0.0,0.0,True,0
1045,157.906,-1.4847,-82.53,2.016,-0.0177,0.0,0.013,AUTO,0.0,0.0,True,0
1046,158.007,-1.4892,-82.53,1.862,-0.0168,0.033,0.0,AUTO,0.0,0.0,True,0
1047,158.138,-1.4937,-82.53,1.82,-0.016,0.046,0.0,AUTO,0.0,0.0,True,0
1048,158.236,-1.4982,-82.53,1.573,-0.0152,0.121,0.0,AUTO,0.0,0.0,True,0
1049,158.337,-1.5027,-82.53,1.364,-0.0144,0.184,0.0,AUTO,0.0,0.0,True,0
1050,158.437,-1.5072,-82.53,1.247,-0.0137,0.219,0.0,AUTO,0.0,0.0,True,0
1051,158.538,-1.5117,-82.53,1.254,-0.013,0.218,0.0,AUTO,0.0,0.0,True,0
1052,158.638,-1.5162,-82.53,1.385,-0.0124,0.178,0.0,AUTO,0.0,0.0,True,0
1053,158.738,-1.5207,-82.53,1.489,-0.0118,0.148,0.0,AUTO,0.0,0.0,True,0
1054,158.872,-1.5252,-82.53,1.595,-0.0112,0.116,0.0,AUTO,0.0,0.0,True,0
1055,158.972,-1.5297,-82.53,1.825,-0.0106,0.048,0.0,AUTO,0.0,0.0,True,0
1056,159.104,-1.5342,-82.53,1.958,-0.0101,0.008,0.0,AUTO,0.0,0.0,True,0
1057,159.238,-1.5387,-82.53,2.1,-0.0096,0.0,0.035,AUTO,0.0,0.0,True,0
1058,159.336,-1.5432,-82.53,2.147,-0.0091,0.0,0.048,AUTO,0.0,0.0,True,0
1059,159.435,-1.5477,-82.53,2.121,-0.0086,0.0,0.04,AUTO,0.0,0.0,True,0
1060,159.537,-1.5522,-82.53,2.101,-0.0082,0.0,0.034,AUTO,0.0,0.0,True,0
1061,159.635,-1.5567,-82.53,2.013,-0.0078,0.0,0.008,AUTO,0.0,0.0,True,0
1062,159.734,-1.5612,-82.53,1.998,-0.0074,0.0,0.003,AUTO,0.0,0.0,True,0
1063,159.836,-1.5657,-82.53,1.949,-0.007,0.012,0.0,AUTO,0.0,0.0,True,0
1064,159.969,-1.5702,-82.53,1.928,-0.0067,0.019,0.0,AUTO,0.0,0.0,True,0
1065,160.068,-1.5747,-82.53,1.852,-0.0064,0.041,0.0,AUTO,0.0,0.0,True,0
1066,160.168,-1.5792,-82.53,1.779,-0.006,0.063,0.0,AUTO,0.0,0.0,True,0
1067,160.302,-1.5838,-82.53,1.761,-0.0057,0.069,0.0,AUTO,0.0,0.0,True,0
1068,160.403,-1.5883,-82.53,1.818,-0.0054,0.052,0.0,AUTO,0.0,0.0,True,0
1069,160.502,-1.5928,-82.53,1.887,-0.0052,0.031,0.0,AUTO,0.0,0.0,True,0
1070,160.604,-1.5973,-82.53,1.894,-0.0049,0.029,0.0,AUTO,0.0,0.0,True,0
1071,160.736,-1.6018,-82.53,1.905,-0.0047,0.026,0.0,AUTO,0.0,0.0,True,0
1072,160.868,-1.6063,-82.53,1.945,-0.0044,0.014,0.0,AUTO,0.0,0.0,True,0
1073,160.972,-1.6108,-82.53,1.862,-0.0042,0.039,0.0,AUTO,0.0,0.0,True,0
1074,161.071,-1.6153,-82.53,1.813,-0.004,0.054,0.0,AUTO,0.0,0.0,True,0
1075,161.205,-1.6198,-82.53,1.724,-0.0038,0.081,0.0,AUTO,0.0,0.0,True,0
1076,161.306,-1.6243,-82.53,1.544,-0.0036,0.135,0.0,AUTO,0.0,0.0,True,0
1077,161.407,-1.6288,-82.53,1.376,-0.0034,0.186,0.0,AUTO,0.0,0.0,True,0
1078,161.539,-1.6333,-82.53,1.381,-0.0033,0.184,0.0,AUTO,0.0,0.0,True,0
1079,161.641,-1.6378,-82.53,1.525,-0.0031,0.141,0.0,AUTO,0.0,0.0,True,0
1080,161.771,-1.6423,-82.53,1.512,-0.0029,0.145,0.0,AUTO,0.0,0.0,True,0
1081,161.872,-1.6468,-82.53,1.44,-0.0028,0.167,0.0,AUTO,0.0,0.0,True,0
1082,161.974,-1.6513,-82.53,1.306,-0.0027,0.207,0.0,AUTO,0.0,0.0,True,0
1083,162.07,-1.6558,-82.53,1.258,-0.0025,0.222,0.0,AUTO,0.0,0.0,True,0
1084,162.205,-1.6603,-82.53,1.347,-0.0024,0.195,0.0,AUTO,0.0,0.0,True,0
1085,162.305,-1.6648,-82.53,1.267,-0.0023,0.219,0.0,AUTO,0.0,0.0,True,0
1086,162.437,-1.6693,-82.53,1.248,-0.0022,0.225,0.0,AUTO,0.0,0.0,True,0
1087,162.572,-1.6738,-82.53,1.404,-0.0021,0.178,0.0,AUTO,0.0,0.0,True,0
1088,162.705,-1.6783,-82.53,1.595,-0.002,0.121,0.0,AUTO,0.0,0.0,True,0
1089,162.809,-1.6828,-82.53,1.839,-0.0019,0.047,0.0,AUTO,0.0,0.0,True,0
1090,162.939,-1.6873,-82.53,1.888,-0.0018,0.033,0.0,AUTO,0.0,0.0,True,0
1091,163.069,-1.6918,-82.53,1.574,-0.0017,0.127,0.0,AUTO,0.0,0.0,True,0
1092,163.205,-1.6963,-82.53,1.385,-0.0016,0.184,0.0,AUTO,0.0,0.0,True,0
1093,163.304,-1.7008,-82.53,1.402,-0.0015,0.179,0.0,AUTO,0.0,0.0,True,0
1094,163.404,-1.7053,-82.53,1.431,-0.0014,0.17,0.0,AUTO,0.0,0.0,True,0
1095,163.538,-1.7098,-82.53,1.455,-0.0014,0.163,0.0,AUTO,0.0,0.0,True,0
1096,163.669,-1.7143,-82.53,1.645,-0.0013,0.106,0.0,AUTO,0.0,0.0,True,0
1097,163.77,-1.7188,-82.53,1.813,-0.0012,0.056,0.0,AUTO,0.0,0.0,True,0
1098,163.903,-1.7233,-82.53,1.851,-0.0012,0.044,0.0,AUTO,0.0,0.0,True,0
1099,164.005,-1.7278,-82.53,1.794,-0.0011,0.061,0.0,AUTO,0.0,0.0,True,0
1100,164.137,-1.7323,-82.53,1.698,-0.0011,0.09,0.0,AUTO,0.0,0.0,True,0
1101,164.24,-1.7368,-82.53,1.458,-0.001,0.162,0.0,AUTO,0.0,0.0,True,0
1102,164.337,-1.7413,-82.53,1.355,-0.001,0.193,0.0,AUTO,0.0,0.0,True,0
1103,164.437,-1.7458,-82.53,1.236,-0.0009,0.229,0.0,AUTO,0.0,0.0,True,0
1104,164.569,-1.7503,-82.53,1.322,-0.0009,0.203,0.0,AUTO,0.0,0.0,True,0
1105,164.672,-1.7548,-82.53,1.553,-0.0008,0.134,0.0,AUTO,0.0,0.0,True,0
1106,164.768,-1.7593,-82.53,1.74,-0.0008,0.078,0.0,AUTO,0.0,0.0,True,0
1107,164.868,-1.7638,-82.53,1.82,-0.0007,0.054,0.0,AUTO,0.0,0.0,True,0
1108,164.969,-1.7683,-82.53,1.92,-0.0007,0.024,0.0,AUTO,0.0,0.0,True,0
1109,165.069,-1.7728,-82.53,2.008,-0.0007,0.0,0.003,AUTO,0.0,0.0,True,0
1110,165.171,-1.7773,-82.53,2.116,-0.0006,0.0,0.035,AUTO,0.0,0.0,True,0
1111,165.305,-1.7818,-82.53,2.114,-0.0006,0.0,0.034,AUTO,0.0,0.0,True,0
1112,165.436,-1.7863,-82.53,2.086,-0.0006,0.0,0.026,AUTO,0.0,0.0,True,0
1113,165.569,-1.7908,-82.53,2.083,-0.0005,0.0,0.025,AUTO,0.0,0.0,True,0
1114,165.67,-1.7953,-82.53,2.092,-0.0005,0.0,0.028,AUTO,0.0,0.0,True,0
1115,165.767,-1.7998,-82.53,2.088,-0.0005,0.0,0.027,AUTO,0.0,0.0,True,0
1116,165.87,-1.8043,-82.53,2.09,-0.0005,0.0,0.027,AUTO,0.0,0.0,True,0
1117,166.002,-1.8088,-82.53,2.039,-0.0004,0.0,0.012,AUTO,0.0,0.0,True,0
1118,166.101,-1.8133,-82.53,2.015,-0.0004,0.0,0.005,AUTO,0.0,0.0,True,0
1119,166.201,-1.8178,-82.53,2.02,-0.0004,0.0,0.006,AUTO,0.0,0.0,True,0
1120,166.301,-1.8223,-82.53,2.035,-0.0004,0.0,0.011,AUTO,0.0,0.0,True,0
1121,166.433,-1.8268,-82.53,2.021,-0.0004,0.0,0.007,AUTO,0.0,0.0,True,0
1122,166.568,-1.8313,-82.53,1.995,-0.0003,0.001,0.0,AUTO,0.0,0.0,True,0
1123,166.701,-1.8358,-82.53,1.909,-0.0003,0.027,0.0,AUTO,0.0,0.0,True,0
1124,166.835,-1.8403,-82.53,1.841,-0.0003,0.048,0.0,AUTO,0.0,0.0,True,0
1125,166.934,-1.8448,-82.53,1.82,-0.0003,0.054,0.0,AUTO,0.0,0.0,True,0
1126,167.068,-1.8493,-82.53,1.807,-0.0003,0.058,0.0,AUTO,0.0,0.0,True,0
1127,167.169,-1.8538,-82.53,1.843,-0.0003,0.047,0.0,AUTO,0.0,0.0,True,0
1128,167.273,-1.8583,-82.53,1.854,-0.0003,0.044,0.0,AUTO,0.0,0.0,True,0
1129,167.368,-1.8628,-82.53,1.839,-0.0002,0.048,0.0,AUTO,0.0,0.0,True,0
1130,167.471,-1.8673,-82.53,1.883,-0.0002,0.035,0.0,AUTO,0.0,0.0,True,0
1131,167.57,-1.8718,-82.53,1.9,-0.0002,0.03,0.0,AUTO,0.0,0.0,True,0
1132,167.67,-1.8763,-82.53,1.922,-0.0002,0.023,0.0,AUTO,0.0,0.0,True,0
1133,167.769,-1.8808,-82.53,1.973,-0.0002,0.008,0.0,AUTO,0.0,0.0,True,0
1134,167.872,-1.8853,-82.53,1.993,-0.0002,0.002,0.0,AUTO,0.0,0.0,True,0
1135,168.004,-1.8898,-82.53,1.96,-0.0002,0.012,0.0,AUTO,0.0,0.0,True,0
1136,168.136,-1.8943,-82.53,1.88,-0.0002,0.036,0.0,AUTO,0.0,0.0,True,0
1137,168.269,-1.8989,-82.53,1.801,-0.0002,0.06,0.0,AUTO,0.0,0.0,True,0
1138,168.403,-1.9034,-82.53,1.834,-0.0002,0.05,0.0,AUTO,0.0,0.0,True,0
1139,168.536,-1.9079,-82.53,1.932,-0.0001,0.02,0.0,AUTO,0.0,0.0,True,0
1140,168.67,-1.9124,-82.53,1.963,-0.0001,0.011,0.0,AUTO,0.0,0.0,True,0
1141,168.771,-1.9169,-82.53,1.996,-0.0001,0.001,0.0,AUTO,0.0,0.0,True,0
1142,168.872,-1.9214,-82.53,2.061,-0.0001,0.0,0.018,AUTO,0.0,0.0,True,0
1143,169.004,-1.9259,-82.53,2.031,-0.0001,0.0,0.009,AUTO,0.0,0.0,True,0
1144,169.101,-1.9304,-82.53,2.017,-0.0001,0.0,0.005,AUTO,0.0,0.0,True,0
1145,169.201,-1.9349,-82.53,2.031,-0.0001,0.0,0.009,AUTO,0.0,0.0,True,0
1146,169.304,-1.9394,-82.53,2.011,-0.0001,0.0,0.003,AUTO,0.0,0.0,True,0
1147,169.401,-1.9439,-82.53,1.981,-0.0001,0.006,0.0,AUTO,0.0,0.0,True,0
1148,169.502,-1.9484,-82.53,2.024,-0.0001,0.0,0.007,AUTO,0.0,0.0,True,0
1149,169.6,-1.9529,-82.53,2.025,-0.0001,0.0,0.007,AUTO,0.0,0.0,True,0
1150,169.702,-1.9574,-82.53,2.019,-0.0001,0.0,0.006,AUTO,0.0,0.0,True,0
1151,169.801,-1.9619,-82.53,2.043,-0.0001,0.0,0.013,AUTO,0.0,0.0,True,0
1152,169.903,-1.9664,-82.53,2.075,-0.0001,0.0,0.022,AUTO,0.0,0.0,True,0
1153,170.035,-1.9709,-82.53,2.087,-0.0001,0.0,0.026,AUTO,0.0,0.0,True,0
1154,170.167,-1.9754,-82.53,2.07,-0.0001,0.0,0.021,AUTO,0.0,0.0,True,0
1155,170.302,-1.9799,-82.53,2.036,-0.0001,0.0,0.011,AUTO,0.0,0.0,True,0
1156,170.433,-1.9844,-82.53,2.058,-0.0001,0.0,0.018,AUTO,0.0,0.0,True,0
1157,170.568,-1.9889,-82.53,2.068,-0.0001,0.0,0.02,AUTO,0.0,0.0,True,0
1158,170.67,-1.9934,-82.53,2.037,-0.0001,0.0,0.011,AUTO,0.0,0.0,True,0
1159,170.767,-1.9979,-82.53,2.01,-0.0001,0.0,0.003,AUTO,0.0,0.0,True,0
1160,170.869,-2.0024,-82.53,2.006,-0.0,0.0,0.002,AUTO,0.0,0.0,True,0
1161,170.969,-2.0069,-82.53,2.012,-0.0,0.0,0.004,AUTO,0.0,0.0,True,0
1162,171.068,-2.0114,-82.53,2.026,-0.0,0.0,0.008,AUTO,0.0,0.0,True,0
1163,171.173,-2.0159,-82.53,2.059,-0.0,0.0,0.018,AUTO,0.0,0.0,True,0
1164,171.268,-2.0204,-82.53,2.049,-0.0,0.0,0.015,AUTO,0.0,0.0,True,0
1165,171.401,-2.0249,-82.53,2.044,-0.0,0.0,0.013,AUTO,0.0,0.0,True,0
1166,171.501,-2.0294,-82.53,2.078,-0.0,0.0,0.024,AUTO,0.0,0.0,True,0
1167,171.609,-2.0339,-82.53,2.048,-0.0,0.0,0.014,AUTO,0.0,0.0,True,0
